community_id,n_nodes_fixed,n_vertices_fixed,n_edges_fixed,max_edges_fixed,density_fixed,n_nodes_orig,n_vertices_orig,n_edges_orig,max_edges_orig,density_orig,density_diff,n_nodes_match
591,2,2,1,1,1,2,2,0,1,0,1,TRUE
592,2,2,1,1,1,2,2,0,1,0,1,TRUE
593,2,2,1,1,1,2,2,0,1,0,1,TRUE
594,2,2,1,1,1,2,2,0,1,0,1,TRUE
595,3,3,2,3,0.666666666666667,3,3,0,3,0,0.666666666666667,TRUE
596,4,4,3,6,0.5,4,4,0,6,0,0.5,TRUE
597,3,3,2,3,0.666666666666667,3,3,0,3,0,0.666666666666667,TRUE
598,3,3,2,3,0.666666666666667,3,3,0,3,0,0.666666666666667,TRUE
599,3,3,2,3,0.666666666666667,3,3,0,3,0,0.666666666666667,TRUE
600,3,3,2,3,0.666666666666667,3,3,0,3,0,0.666666666666667,TRUE
601,3,3,2,3,0.666666666666667,3,3,0,3,0,0.666666666666667,TRUE
602,2,2,1,1,1,2,2,0,1,0,1,TRUE
603,2,2,1,1,1,2,2,0,1,0,1,TRUE
604,2,2,1,1,1,2,2,0,1,0,1,TRUE
605,2,2,1,1,1,2,2,0,1,0,1,TRUE
606,2,2,1,1,1,2,2,0,1,0,1,TRUE
607,2,2,1,1,1,2,2,0,1,0,1,TRUE
608,2,2,1,1,1,2,2,0,1,0,1,TRUE
609,2,2,1,1,1,2,2,0,1,0,1,TRUE
610,2,2,1,1,1,2,2,0,1,0,1,TRUE
611,3,3,2,3,0.666666666666667,3,3,0,3,0,0.666666666666667,TRUE
612,2,2,1,1,1,2,2,0,1,0,1,TRUE
613,2,2,1,1,1,2,2,0,1,0,1,TRUE
614,2,2,1,1,1,2,2,0,1,0,1,TRUE
615,2,2,1,1,1,2,2,0,1,0,1,TRUE
616,2,2,1,1,1,2,2,0,1,0,1,TRUE
617,2,2,1,1,1,2,2,0,1,0,1,TRUE
618,2,2,1,1,1,2,2,0,1,0,1,TRUE
619,2,2,1,1,1,2,2,0,1,0,1,TRUE
620,2,2,1,1,1,2,2,0,1,0,1,TRUE
621,2,2,1,1,1,2,2,0,1,0,1,TRUE
622,2,2,1,1,1,2,2,0,1,0,1,TRUE
623,2,2,1,1,1,2,2,0,1,0,1,TRUE
624,2,2,1,1,1,2,2,0,1,0,1,TRUE
625,2,2,1,1,1,2,2,0,1,0,1,TRUE
626,2,2,1,1,1,2,2,0,1,0,1,TRUE
627,4,4,3,6,0.5,4,4,0,6,0,0.5,TRUE
628,3,3,2,3,0.666666666666667,3,3,0,3,0,0.666666666666667,TRUE
629,7,7,6,21,0.285714285714286,7,7,0,21,0,0.285714285714286,TRUE
630,5,5,4,10,0.4,5,5,0,10,0,0.4,TRUE
631,6,6,5,15,0.333333333333333,6,6,0,15,0,0.333333333333333,TRUE
632,4,4,3,6,0.5,4,4,0,6,0,0.5,TRUE
633,2,2,1,1,1,2,2,0,1,0,1,TRUE
634,3,3,2,3,0.666666666666667,3,3,0,3,0,0.666666666666667,TRUE
635,2,2,1,1,1,2,2,0,1,0,1,TRUE
636,2,2,1,1,1,2,2,0,1,0,1,TRUE
637,4,4,3,6,0.5,4,4,0,6,0,0.5,TRUE
638,2,2,1,1,1,2,2,0,1,0,1,TRUE
639,3,3,2,3,0.666666666666667,3,3,0,3,0,0.666666666666667,TRUE
640,2,2,1,1,1,2,2,0,1,0,1,TRUE
641,2,2,1,1,1,2,2,0,1,0,1,TRUE
642,2,2,1,1,1,2,2,0,1,0,1,TRUE
643,2,2,1,1,1,2,2,0,1,0,1,TRUE
644,2,2,1,1,1,2,2,0,1,0,1,TRUE
645,3,3,2,3,0.666666666666667,2,2,0,1,0,0.666666666666667,FALSE
646,2,2,1,1,1,3,3,0,3,0,1,FALSE
647,2,2,1,1,1,2,2,0,1,0,1,TRUE
648,2,2,1,1,1,2,2,0,1,0,1,TRUE
649,2,2,1,1,1,2,2,0,1,0,1,TRUE
650,3,3,2,3,0.666666666666667,2,2,0,1,0,0.666666666666667,FALSE
651,2,2,1,1,1,3,3,0,3,0,1,FALSE
652,2,2,1,1,1,2,2,0,1,0,1,TRUE
653,2,2,1,1,1,2,2,0,1,0,1,TRUE
654,2,2,1,1,1,2,2,0,1,0,1,TRUE
655,2,2,1,1,1,2,2,0,1,0,1,TRUE
656,4,4,3,6,0.5,4,4,0,6,0,0.5,TRUE
657,3,3,2,3,0.666666666666667,3,3,0,3,0,0.666666666666667,TRUE
658,3,3,2,3,0.666666666666667,3,3,0,3,0,0.666666666666667,TRUE
659,2,2,1,1,1,2,2,0,1,0,1,TRUE
660,2,2,1,1,1,2,2,0,1,0,1,TRUE
661,2,2,1,1,1,2,2,0,1,0,1,TRUE
662,2,2,1,1,1,2,2,0,1,0,1,TRUE
663,2,2,1,1,1,2,2,0,1,0,1,TRUE
664,2,2,1,1,1,2,2,0,1,0,1,TRUE
665,2,2,1,1,1,2,2,0,1,0,1,TRUE
666,2,2,1,1,1,2,2,0,1,0,1,TRUE
667,2,2,1,1,1,2,2,0,1,0,1,TRUE
668,2,2,1,1,1,2,2,0,1,0,1,TRUE
669,2,2,1,1,1,2,2,0,1,0,1,TRUE
670,2,2,1,1,1,2,2,0,1,0,1,TRUE
671,2,2,1,1,1,2,2,0,1,0,1,TRUE
672,2,2,1,1,1,2,2,0,1,0,1,TRUE
673,2,2,1,1,1,2,2,0,1,0,1,TRUE
674,2,2,1,1,1,2,2,0,1,0,1,TRUE
675,2,2,1,1,1,2,2,0,1,0,1,TRUE
676,2,2,1,1,1,2,2,0,1,0,1,TRUE
677,2,2,1,1,1,2,2,0,1,0,1,TRUE
678,2,2,1,1,1,2,2,0,1,0,1,TRUE
679,4,4,3,6,0.5,4,4,0,6,0,0.5,TRUE
680,3,3,2,3,0.666666666666667,3,3,0,3,0,0.666666666666667,TRUE
681,3,3,2,3,0.666666666666667,3,3,0,3,0,0.666666666666667,TRUE
682,2,2,1,1,1,2,2,0,1,0,1,TRUE
683,2,2,1,1,1,2,2,0,1,0,1,TRUE
684,3,3,2,3,0.666666666666667,3,3,0,3,0,0.666666666666667,TRUE
685,2,2,1,1,1,2,2,0,1,0,1,TRUE
686,2,2,1,1,1,2,2,0,1,0,1,TRUE
687,2,2,1,1,1,2,2,0,1,0,1,TRUE
688,2,2,1,1,1,2,2,0,1,0,1,TRUE
689,2,2,1,1,1,2,2,0,1,0,1,TRUE
690,2,2,1,1,1,2,2,0,1,0,1,TRUE
691,2,2,1,1,1,2,2,0,1,0,1,TRUE
692,2,2,1,1,1,2,2,0,1,0,1,TRUE
693,2,2,1,1,1,2,2,0,1,0,1,TRUE
694,2,2,1,1,1,2,2,0,1,0,1,TRUE
695,4,4,3,6,0.5,4,4,0,6,0,0.5,TRUE
696,3,3,2,3,0.666666666666667,3,3,0,3,0,0.666666666666667,TRUE
697,3,3,2,3,0.666666666666667,3,3,0,3,0,0.666666666666667,TRUE
698,3,3,2,3,0.666666666666667,3,3,0,3,0,0.666666666666667,TRUE
699,2,2,1,1,1,2,2,0,1,0,1,TRUE
700,2,2,1,1,1,2,2,0,1,0,1,TRUE
701,4,4,3,6,0.5,4,4,0,6,0,0.5,TRUE
702,3,3,2,3,0.666666666666667,3,3,0,3,0,0.666666666666667,TRUE
703,3,3,2,3,0.666666666666667,3,3,0,3,0,0.666666666666667,TRUE
704,2,2,1,1,1,2,2,0,1,0,1,TRUE
705,2,2,1,1,1,2,2,0,1,0,1,TRUE
706,2,2,1,1,1,2,2,0,1,0,1,TRUE
707,2,2,1,1,1,2,2,0,1,0,1,TRUE
708,2,2,1,1,1,2,2,0,1,0,1,TRUE
709,2,2,1,1,1,2,2,0,1,0,1,TRUE
710,2,2,1,1,1,2,2,0,1,0,1,TRUE
711,2,2,1,1,1,2,2,0,1,0,1,TRUE
712,2,2,1,1,1,2,2,0,1,0,1,TRUE
713,2,2,1,1,1,2,2,0,1,0,1,TRUE
714,2,2,1,1,1,2,2,0,1,0,1,TRUE
715,2,2,1,1,1,2,2,0,1,0,1,TRUE
716,2,2,1,1,1,2,2,0,1,0,1,TRUE
717,2,2,1,1,1,2,2,0,1,0,1,TRUE
718,2,2,1,1,1,2,2,0,1,0,1,TRUE
719,2,2,1,1,1,2,2,0,1,0,1,TRUE
720,2,2,1,1,1,2,2,0,1,0,1,TRUE
721,2,2,1,1,1,2,2,0,1,0,1,TRUE
722,2,2,1,1,1,2,2,0,1,0,1,TRUE
723,2,2,1,1,1,2,2,0,1,0,1,TRUE
724,2,2,1,1,1,2,2,0,1,0,1,TRUE
725,4,4,3,6,0.5,4,4,0,6,0,0.5,TRUE
726,3,3,2,3,0.666666666666667,3,3,0,3,0,0.666666666666667,TRUE
727,3,3,2,3,0.666666666666667,3,3,0,3,0,0.666666666666667,TRUE
728,3,3,2,3,0.666666666666667,3,3,0,3,0,0.666666666666667,TRUE
729,3,3,2,3,0.666666666666667,3,3,0,3,0,0.666666666666667,TRUE
730,3,3,2,3,0.666666666666667,3,3,0,3,0,0.666666666666667,TRUE
731,3,3,2,3,0.666666666666667,3,3,0,3,0,0.666666666666667,TRUE
732,3,3,2,3,0.666666666666667,3,3,0,3,0,0.666666666666667,TRUE
733,5,5,4,10,0.4,5,5,0,10,0,0.4,TRUE
734,3,3,2,3,0.666666666666667,3,3,0,3,0,0.666666666666667,TRUE
735,3,3,2,3,0.666666666666667,3,3,0,3,0,0.666666666666667,TRUE
736,3,3,2,3,0.666666666666667,3,3,0,3,0,0.666666666666667,TRUE
737,2,2,1,1,1,2,2,0,1,0,1,TRUE
738,2,2,1,1,1,2,2,0,1,0,1,TRUE
739,3,3,2,3,0.666666666666667,3,3,0,3,0,0.666666666666667,TRUE
740,2,2,1,1,1,2,2,0,1,0,1,TRUE
741,2,2,1,1,1,2,2,0,1,0,1,TRUE
742,2,2,1,1,1,2,2,0,1,0,1,TRUE
743,2,2,1,1,1,2,2,0,1,0,1,TRUE
744,2,2,1,1,1,2,2,0,1,0,1,TRUE
745,2,2,1,1,1,2,2,0,1,0,1,TRUE
746,2,2,1,1,1,2,2,0,1,0,1,TRUE
747,2,2,1,1,1,2,2,0,1,0,1,TRUE
748,2,2,1,1,1,2,2,0,1,0,1,TRUE
749,3,3,2,3,0.666666666666667,2,2,0,1,0,0.666666666666667,FALSE
750,2,2,1,1,1,3,3,0,3,0,1,FALSE
751,2,2,1,1,1,2,2,0,1,0,1,TRUE
752,2,2,1,1,1,2,2,0,1,0,1,TRUE
753,2,2,1,1,1,2,2,0,1,0,1,TRUE
754,2,2,1,1,1,2,2,0,1,0,1,TRUE
755,2,2,1,1,1,2,2,0,1,0,1,TRUE
756,2,2,1,1,1,2,2,0,1,0,1,TRUE
757,2,2,1,1,1,2,2,0,1,0,1,TRUE
758,2,2,1,1,1,2,2,0,1,0,1,TRUE
759,2,2,1,1,1,2,2,0,1,0,1,TRUE
760,2,2,1,1,1,2,2,0,1,0,1,TRUE
761,2,2,1,1,1,2,2,0,1,0,1,TRUE
762,2,2,1,1,1,2,2,0,1,0,1,TRUE
763,2,2,1,1,1,2,2,0,1,0,1,TRUE
764,2,2,1,1,1,2,2,0,1,0,1,TRUE
765,2,2,1,1,1,2,2,0,1,0,1,TRUE
766,2,2,1,1,1,2,2,0,1,0,1,TRUE
767,3,3,2,3,0.666666666666667,3,3,0,3,0,0.666666666666667,TRUE
768,2,2,1,1,1,2,2,0,1,0,1,TRUE
769,2,2,1,1,1,2,2,0,1,0,1,TRUE
770,2,2,1,1,1,2,2,0,1,0,1,TRUE
771,2,2,1,1,1,2,2,0,1,0,1,TRUE
772,3,3,2,3,0.666666666666667,3,3,0,3,0,0.666666666666667,TRUE
773,3,3,2,3,0.666666666666667,3,3,0,3,0,0.666666666666667,TRUE
774,3,3,2,3,0.666666666666667,3,3,0,3,0,0.666666666666667,TRUE
775,2,2,1,1,1,2,2,0,1,0,1,TRUE
776,2,2,1,1,1,2,2,0,1,0,1,TRUE
777,4,4,3,6,0.5,4,4,0,6,0,0.5,TRUE
778,3,3,2,3,0.666666666666667,3,3,0,3,0,0.666666666666667,TRUE
779,3,3,2,3,0.666666666666667,3,3,0,3,0,0.666666666666667,TRUE
780,2,2,1,1,1,2,2,0,1,0,1,TRUE
781,2,2,1,1,1,2,2,0,1,0,1,TRUE
782,2,2,1,1,1,2,2,0,1,0,1,TRUE
783,2,2,1,1,1,2,2,0,1,0,1,TRUE
784,2,2,1,1,1,2,2,0,1,0,1,TRUE
785,2,2,1,1,1,2,2,0,1,0,1,TRUE
786,2,2,1,1,1,2,2,0,1,0,1,TRUE
787,2,2,1,1,1,2,2,0,1,0,1,TRUE
788,2,2,1,1,1,2,2,0,1,0,1,TRUE
789,2,2,1,1,1,2,2,0,1,0,1,TRUE
790,2,2,1,1,1,2,2,0,1,0,1,TRUE
791,2,2,1,1,1,2,2,0,1,0,1,TRUE
792,2,2,1,1,1,2,2,0,1,0,1,TRUE
793,2,2,1,1,1,2,2,0,1,0,1,TRUE
794,2,2,1,1,1,2,2,0,1,0,1,TRUE
795,2,2,1,1,1,2,2,0,1,0,1,TRUE
796,2,2,1,1,1,2,2,0,1,0,1,TRUE
797,2,2,1,1,1,2,2,0,1,0,1,TRUE
798,2,2,1,1,1,2,2,0,1,0,1,TRUE
799,2,2,1,1,1,2,2,0,1,0,1,TRUE
800,2,2,1,1,1,2,2,0,1,0,1,TRUE
801,2,2,1,1,1,2,2,0,1,0,1,TRUE
802,2,2,1,1,1,2,2,0,1,0,1,TRUE
803,2,2,1,1,1,2,2,0,1,0,1,TRUE
804,4,4,3,6,0.5,4,4,0,6,0,0.5,TRUE
805,3,3,2,3,0.666666666666667,3,3,0,3,0,0.666666666666667,TRUE
806,3,3,2,3,0.666666666666667,3,3,0,3,0,0.666666666666667,TRUE
807,2,2,1,1,1,2,2,0,1,0,1,TRUE
808,2,2,1,1,1,2,2,0,1,0,1,TRUE
809,2,2,1,1,1,2,2,0,1,0,1,TRUE
810,2,2,1,1,1,2,2,0,1,0,1,TRUE
811,2,2,1,1,1,2,2,0,1,0,1,TRUE
812,2,2,1,1,1,2,2,0,1,0,1,TRUE
813,2,2,1,1,1,2,2,0,1,0,1,TRUE
814,2,2,1,1,1,2,2,0,1,0,1,TRUE
815,2,2,1,1,1,2,2,0,1,0,1,TRUE
816,2,2,1,1,1,2,2,0,1,0,1,TRUE
817,2,2,1,1,1,2,2,0,1,0,1,TRUE
818,2,2,1,1,1,2,2,0,1,0,1,TRUE
819,2,2,1,1,1,2,2,0,1,0,1,TRUE
820,2,2,1,1,1,2,2,0,1,0,1,TRUE
821,2,2,1,1,1,2,2,0,1,0,1,TRUE
822,2,2,1,1,1,2,2,0,1,0,1,TRUE
823,2,2,1,1,1,2,2,0,1,0,1,TRUE
824,2,2,1,1,1,2,2,0,1,0,1,TRUE
825,2,2,1,1,1,2,2,0,1,0,1,TRUE
826,2,2,1,1,1,2,2,0,1,0,1,TRUE
827,2,2,1,1,1,2,2,0,1,0,1,TRUE
828,2,2,1,1,1,2,2,0,1,0,1,TRUE
829,2,2,1,1,1,2,2,0,1,0,1,TRUE
830,2,2,1,1,1,2,2,0,1,0,1,TRUE
831,2,2,1,1,1,2,2,0,1,0,1,TRUE
832,2,2,1,1,1,2,2,0,1,0,1,TRUE
833,2,2,1,1,1,2,2,0,1,0,1,TRUE
834,2,2,1,1,1,2,2,0,1,0,1,TRUE
835,3,3,2,3,0.666666666666667,3,3,0,3,0,0.666666666666667,TRUE
836,4,4,3,6,0.5,4,4,0,6,0,0.5,TRUE
837,3,3,2,3,0.666666666666667,3,3,0,3,0,0.666666666666667,TRUE
838,3,3,2,3,0.666666666666667,3,3,0,3,0,0.666666666666667,TRUE
839,2,2,1,1,1,2,2,0,1,0,1,TRUE
840,2,2,1,1,1,2,2,0,1,0,1,TRUE
841,2,2,1,1,1,2,2,0,1,0,1,TRUE
842,3,3,2,3,0.666666666666667,3,3,0,3,0,0.666666666666667,TRUE
843,2,2,1,1,1,2,2,0,1,0,1,TRUE
844,2,2,1,1,1,2,2,0,1,0,1,TRUE
845,2,2,1,1,1,2,2,0,1,0,1,TRUE
846,2,2,1,1,1,2,2,0,1,0,1,TRUE
847,2,2,1,1,1,2,2,0,1,0,1,TRUE
848,2,2,1,1,1,2,2,0,1,0,1,TRUE
849,2,2,1,1,1,2,2,0,1,0,1,TRUE
850,2,2,1,1,1,2,2,0,1,0,1,TRUE
851,2,2,1,1,1,2,2,0,1,0,1,TRUE
852,2,2,1,1,1,2,2,0,1,0,1,TRUE
853,2,2,1,1,1,2,2,0,1,0,1,TRUE
854,2,2,1,1,1,2,2,0,1,0,1,TRUE
855,2,2,1,1,1,2,2,0,1,0,1,TRUE
856,2,2,1,1,1,2,2,0,1,0,1,TRUE
857,2,2,1,1,1,2,2,0,1,0,1,TRUE
858,2,2,1,1,1,2,2,0,1,0,1,TRUE
859,4,4,3,6,0.5,4,4,0,6,0,0.5,TRUE
860,3,3,2,3,0.666666666666667,3,3,0,3,0,0.666666666666667,TRUE
861,3,3,2,3,0.666666666666667,3,3,0,3,0,0.666666666666667,TRUE
862,3,3,2,3,0.666666666666667,3,3,0,3,0,0.666666666666667,TRUE
863,3,3,2,3,0.666666666666667,3,3,0,3,0,0.666666666666667,TRUE
864,2,2,1,1,1,2,2,0,1,0,1,TRUE
865,2,2,1,1,1,2,2,0,1,0,1,TRUE
866,4,4,3,6,0.5,4,4,0,6,0,0.5,TRUE
867,3,3,2,3,0.666666666666667,3,3,0,3,0,0.666666666666667,TRUE
868,3,3,2,3,0.666666666666667,3,3,0,3,0,0.666666666666667,TRUE
869,2,2,1,1,1,2,2,0,1,0,1,TRUE
870,2,2,1,1,1,2,2,0,1,0,1,TRUE
871,2,2,1,1,1,2,2,0,1,0,1,TRUE
872,3,3,2,3,0.666666666666667,3,3,0,3,0,0.666666666666667,TRUE
873,2,2,1,1,1,2,2,0,1,0,1,TRUE
874,2,2,1,1,1,2,2,0,1,0,1,TRUE
875,2,2,1,1,1,2,2,0,1,0,1,TRUE
876,2,2,1,1,1,2,2,0,1,0,1,TRUE
877,2,2,1,1,1,2,2,0,1,0,1,TRUE
878,2,2,1,1,1,2,2,0,1,0,1,TRUE
879,2,2,1,1,1,2,2,0,1,0,1,TRUE
880,2,2,1,1,1,2,2,0,1,0,1,TRUE
881,2,2,1,1,1,2,2,0,1,0,1,TRUE
882,3,3,2,3,0.666666666666667,3,3,0,3,0,0.666666666666667,TRUE
883,4,4,3,6,0.5,4,4,0,6,0,0.5,TRUE
884,3,3,2,3,0.666666666666667,3,3,0,3,0,0.666666666666667,TRUE
885,3,3,2,3,0.666666666666667,3,3,0,3,0,0.666666666666667,TRUE
886,5,5,4,10,0.4,5,5,0,10,0,0.4,TRUE
887,3,3,2,3,0.666666666666667,3,3,0,3,0,0.666666666666667,TRUE
888,2,2,1,1,1,2,2,0,1,0,1,TRUE
889,2,2,1,1,1,2,2,0,1,0,1,TRUE
890,2,2,1,1,1,2,2,0,1,0,1,TRUE
891,2,2,1,1,1,2,2,0,1,0,1,TRUE
892,2,2,1,1,1,2,2,0,1,0,1,TRUE
893,2,2,1,1,1,2,2,0,1,0,1,TRUE
894,2,2,1,1,1,2,2,0,1,0,1,TRUE
895,2,2,1,1,1,2,2,0,1,0,1,TRUE
896,2,2,1,1,1,2,2,0,1,0,1,TRUE
897,2,2,1,1,1,2,2,0,1,0,1,TRUE
898,2,2,1,1,1,2,2,0,1,0,1,TRUE
899,2,2,1,1,1,2,2,0,1,0,1,TRUE
900,2,2,1,1,1,2,2,0,1,0,1,TRUE
901,2,2,1,1,1,2,2,0,1,0,1,TRUE
902,2,2,1,1,1,2,2,0,1,0,1,TRUE
903,3,3,2,3,0.666666666666667,3,3,0,3,0,0.666666666666667,TRUE
904,2,2,1,1,1,2,2,0,1,0,1,TRUE
905,2,2,1,1,1,2,2,0,1,0,1,TRUE
906,3,3,2,3,0.666666666666667,3,3,0,3,0,0.666666666666667,TRUE
907,2,2,1,1,1,2,2,0,1,0,1,TRUE
908,4,4,3,6,0.5,4,4,0,6,0,0.5,TRUE
909,4,4,3,6,0.5,2,2,0,1,0,0.5,FALSE
910,2,2,1,1,1,4,4,0,6,0,1,FALSE
911,3,3,2,3,0.666666666666667,3,3,0,3,0,0.666666666666667,TRUE
912,2,2,1,1,1,2,2,0,1,0,1,TRUE
913,2,2,1,1,1,2,2,0,1,0,1,TRUE
914,2,2,1,1,1,2,2,0,1,0,1,TRUE
915,2,2,1,1,1,2,2,0,1,0,1,TRUE
916,2,2,1,1,1,2,2,0,1,0,1,TRUE
917,2,2,1,1,1,2,2,0,1,0,1,TRUE
918,2,2,1,1,1,2,2,0,1,0,1,TRUE
919,2,2,1,1,1,2,2,0,1,0,1,TRUE
920,3,3,2,3,0.666666666666667,3,3,0,3,0,0.666666666666667,TRUE
921,2,2,1,1,1,2,2,0,1,0,1,TRUE
922,2,2,1,1,1,2,2,0,1,0,1,TRUE
923,2,2,1,1,1,2,2,0,1,0,1,TRUE
924,2,2,1,1,1,2,2,0,1,0,1,TRUE
925,2,2,1,1,1,2,2,0,1,0,1,TRUE
926,2,2,1,1,1,2,2,0,1,0,1,TRUE
927,2,2,1,1,1,2,2,0,1,0,1,TRUE
928,2,2,1,1,1,2,2,0,1,0,1,TRUE
929,4,4,3,6,0.5,4,4,0,6,0,0.5,TRUE
930,3,3,2,3,0.666666666666667,3,3,0,3,0,0.666666666666667,TRUE
931,3,3,2,3,0.666666666666667,3,3,0,3,0,0.666666666666667,TRUE
932,2,2,1,1,1,2,2,0,1,0,1,TRUE
933,3,3,2,3,0.666666666666667,2,2,0,1,0,0.666666666666667,FALSE
934,2,2,1,1,1,3,3,0,3,0,1,FALSE
935,2,2,1,1,1,2,2,0,1,0,1,TRUE
936,2,2,1,1,1,2,2,0,1,0,1,TRUE
937,2,2,1,1,1,2,2,0,1,0,1,TRUE
938,2,2,1,1,1,2,2,0,1,0,1,TRUE
939,2,2,1,1,1,2,2,0,1,0,1,TRUE
940,2,2,1,1,1,2,2,0,1,0,1,TRUE
941,3,3,2,3,0.666666666666667,3,3,0,3,0,0.666666666666667,TRUE
942,4,4,3,6,0.5,4,4,0,6,0,0.5,TRUE
943,3,3,2,3,0.666666666666667,3,3,0,3,0,0.666666666666667,TRUE
944,3,3,2,3,0.666666666666667,3,3,0,3,0,0.666666666666667,TRUE
945,2,2,1,1,1,2,2,0,1,0,1,TRUE
946,2,2,1,1,1,2,2,0,1,0,1,TRUE
947,2,2,1,1,1,2,2,0,1,0,1,TRUE
948,2,2,1,1,1,2,2,0,1,0,1,TRUE
949,4,4,3,6,0.5,4,4,0,6,0,0.5,TRUE
950,3,3,2,3,0.666666666666667,3,3,0,3,0,0.666666666666667,TRUE
951,3,3,2,3,0.666666666666667,3,3,0,3,0,0.666666666666667,TRUE
952,2,2,1,1,1,2,2,0,1,0,1,TRUE
953,2,2,1,1,1,2,2,0,1,0,1,TRUE
954,2,2,1,1,1,2,2,0,1,0,1,TRUE
955,3,3,2,3,0.666666666666667,3,3,0,3,0,0.666666666666667,TRUE
956,2,2,1,1,1,2,2,0,1,0,1,TRUE
957,2,2,1,1,1,2,2,0,1,0,1,TRUE
958,2,2,1,1,1,2,2,0,1,0,1,TRUE
959,2,2,1,1,1,2,2,0,1,0,1,TRUE
960,2,2,1,1,1,2,2,0,1,0,1,TRUE
961,2,2,1,1,1,2,2,0,1,0,1,TRUE
962,2,2,1,1,1,2,2,0,1,0,1,TRUE
963,2,2,1,1,1,2,2,0,1,0,1,TRUE
964,2,2,1,1,1,2,2,0,1,0,1,TRUE
965,2,2,1,1,1,2,2,0,1,0,1,TRUE
966,2,2,1,1,1,2,2,0,1,0,1,TRUE
967,2,2,1,1,1,2,2,0,1,0,1,TRUE
968,2,2,1,1,1,2,2,0,1,0,1,TRUE
969,2,2,1,1,1,2,2,0,1,0,1,TRUE
970,2,2,1,1,1,3,3,0,3,0,1,FALSE
971,3,3,2,3,0.666666666666667,2,2,0,1,0,0.666666666666667,FALSE
972,4,4,3,6,0.5,4,4,0,6,0,0.5,TRUE
973,3,3,2,3,0.666666666666667,3,3,0,3,0,0.666666666666667,TRUE
974,3,3,2,3,0.666666666666667,3,3,0,3,0,0.666666666666667,TRUE
975,2,2,1,1,1,2,2,0,1,0,1,TRUE
976,2,2,1,1,1,2,2,0,1,0,1,TRUE
977,2,2,1,1,1,2,2,0,1,0,1,TRUE
978,2,2,1,1,1,2,2,0,1,0,1,TRUE
979,2,2,1,1,1,2,2,0,1,0,1,TRUE
980,2,2,1,1,1,2,2,0,1,0,1,TRUE
981,2,2,1,1,1,2,2,0,1,0,1,TRUE
982,2,2,1,1,1,2,2,0,1,0,1,TRUE
983,2,2,1,1,1,2,2,0,1,0,1,TRUE
984,2,2,1,1,1,2,2,0,1,0,1,TRUE
985,2,2,1,1,1,2,2,0,1,0,1,TRUE
986,2,2,1,1,1,2,2,0,1,0,1,TRUE
987,2,2,1,1,1,2,2,0,1,0,1,TRUE
988,2,2,1,1,1,2,2,0,1,0,1,TRUE
989,2,2,1,1,1,2,2,0,1,0,1,TRUE
990,2,2,1,1,1,2,2,0,1,0,1,TRUE
991,2,2,1,1,1,2,2,0,1,0,1,TRUE
992,2,2,1,1,1,2,2,0,1,0,1,TRUE
993,2,2,1,1,1,2,2,0,1,0,1,TRUE
994,2,2,1,1,1,2,2,0,1,0,1,TRUE
995,2,2,1,1,1,2,2,0,1,0,1,TRUE
996,2,2,1,1,1,2,2,0,1,0,1,TRUE
997,2,2,1,1,1,2,2,0,1,0,1,TRUE
998,2,2,1,1,1,2,2,0,1,0,1,TRUE
999,2,2,1,1,1,2,2,0,1,0,1,TRUE
1000,2,2,1,1,1,2,2,0,1,0,1,TRUE
1001,2,2,1,1,1,2,2,0,1,0,1,TRUE
1002,2,2,1,1,1,2,2,0,1,0,1,TRUE
1003,2,2,1,1,1,2,2,0,1,0,1,TRUE
1004,2,2,1,1,1,2,2,0,1,0,1,TRUE
1005,2,2,1,1,1,2,2,0,1,0,1,TRUE
1006,2,2,1,1,1,2,2,0,1,0,1,TRUE
1007,2,2,1,1,1,2,2,0,1,0,1,TRUE
1008,4,4,3,6,0.5,4,4,0,6,0,0.5,TRUE
1009,3,3,2,3,0.666666666666667,3,3,0,3,0,0.666666666666667,TRUE
1010,3,3,2,3,0.666666666666667,3,3,0,3,0,0.666666666666667,TRUE
1011,3,3,2,3,0.666666666666667,3,3,0,3,0,0.666666666666667,TRUE
1012,2,2,1,1,1,2,2,0,1,0,1,TRUE
1013,2,2,1,1,1,2,2,0,1,0,1,TRUE
1014,3,3,2,3,0.666666666666667,3,3,0,3,0,0.666666666666667,TRUE
1015,2,2,1,1,1,2,2,0,1,0,1,TRUE
1016,2,2,1,1,1,2,2,0,1,0,1,TRUE
1017,2,2,1,1,1,2,2,0,1,0,1,TRUE
1018,2,2,1,1,1,2,2,0,1,0,1,TRUE
1019,2,2,1,1,1,2,2,0,1,0,1,TRUE
1020,2,2,1,1,1,2,2,0,1,0,1,TRUE
1021,2,2,1,1,1,2,2,0,1,0,1,TRUE
1022,2,2,1,1,1,2,2,0,1,0,1,TRUE
1023,2,2,1,1,1,2,2,0,1,0,1,TRUE
1024,3,3,2,3,0.666666666666667,2,2,0,1,0,0.666666666666667,FALSE
1025,2,2,1,1,1,3,3,0,3,0,1,FALSE
1026,2,2,1,1,1,2,2,0,1,0,1,TRUE
1027,2,2,1,1,1,2,2,0,1,0,1,TRUE
1028,2,2,1,1,1,2,2,0,1,0,1,TRUE
1029,2,2,1,1,1,2,2,0,1,0,1,TRUE
1030,2,2,1,1,1,2,2,0,1,0,1,TRUE
1031,2,2,1,1,1,2,2,0,1,0,1,TRUE
1032,2,2,1,1,1,2,2,0,1,0,1,TRUE
1033,2,2,1,1,1,2,2,0,1,0,1,TRUE
1034,2,2,1,1,1,2,2,0,1,0,1,TRUE
1035,2,2,1,1,1,2,2,0,1,0,1,TRUE
1036,2,2,1,1,1,2,2,0,1,0,1,TRUE
1037,2,2,1,1,1,2,2,0,1,0,1,TRUE
1038,2,2,1,1,1,2,2,0,1,0,1,TRUE
1039,2,2,1,1,1,2,2,0,1,0,1,TRUE
1040,2,2,1,1,1,2,2,0,1,0,1,TRUE
1041,3,3,2,3,0.666666666666667,3,3,0,3,0,0.666666666666667,TRUE
1042,2,2,1,1,1,2,2,0,1,0,1,TRUE
1043,2,2,1,1,1,2,2,0,1,0,1,TRUE
1044,2,2,1,1,1,2,2,0,1,0,1,TRUE
1045,2,2,1,1,1,2,2,0,1,0,1,TRUE
1046,2,2,1,1,1,2,2,0,1,0,1,TRUE
1047,2,2,1,1,1,2,2,0,1,0,1,TRUE
1048,2,2,1,1,1,2,2,0,1,0,1,TRUE
1049,2,2,1,1,1,2,2,0,1,0,1,TRUE
1050,2,2,1,1,1,2,2,0,1,0,1,TRUE
1051,2,2,1,1,1,2,2,0,1,0,1,TRUE
1052,2,2,1,1,1,2,2,0,1,0,1,TRUE
1053,2,2,1,1,1,2,2,0,1,0,1,TRUE
1054,2,2,1,1,1,2,2,0,1,0,1,TRUE
1055,2,2,1,1,1,2,2,0,1,0,1,TRUE
1056,2,2,1,1,1,2,2,0,1,0,1,TRUE
1057,2,2,1,1,1,2,2,0,1,0,1,TRUE
1058,2,2,1,1,1,2,2,0,1,0,1,TRUE
1059,2,2,1,1,1,2,2,0,1,0,1,TRUE
1060,3,3,2,3,0.666666666666667,3,3,0,3,0,0.666666666666667,TRUE
1061,2,2,1,1,1,2,2,0,1,0,1,TRUE
1062,2,2,1,1,1,2,2,0,1,0,1,TRUE
1063,2,2,1,1,1,2,2,0,1,0,1,TRUE
1064,2,2,1,1,1,2,2,0,1,0,1,TRUE
1065,2,2,1,1,1,2,2,0,1,0,1,TRUE
1066,2,2,1,1,1,2,2,0,1,0,1,TRUE
1067,4,4,3,6,0.5,4,4,0,6,0,0.5,TRUE
1068,3,3,2,3,0.666666666666667,3,3,0,3,0,0.666666666666667,TRUE
1069,3,3,2,3,0.666666666666667,3,3,0,3,0,0.666666666666667,TRUE
1070,3,3,2,3,0.666666666666667,3,3,0,3,0,0.666666666666667,TRUE
1071,2,2,1,1,1,2,2,0,1,0,1,TRUE
1072,2,2,1,1,1,2,2,0,1,0,1,TRUE
1073,2,2,1,1,1,2,2,0,1,0,1,TRUE
1074,2,2,1,1,1,2,2,0,1,0,1,TRUE
1075,3,3,2,3,0.666666666666667,3,3,0,3,0,0.666666666666667,TRUE
1076,4,4,3,6,0.5,4,4,0,6,0,0.5,TRUE
1077,3,3,2,3,0.666666666666667,3,3,0,3,0,0.666666666666667,TRUE
1078,3,3,2,3,0.666666666666667,3,3,0,3,0,0.666666666666667,TRUE
1079,3,3,2,3,0.666666666666667,3,3,0,3,0,0.666666666666667,TRUE
1080,2,2,1,1,1,2,2,0,1,0,1,TRUE
1081,2,2,1,1,1,2,2,0,1,0,1,TRUE
1082,2,2,1,1,1,2,2,0,1,0,1,TRUE
1083,2,2,1,1,1,2,2,0,1,0,1,TRUE
1084,4,4,3,6,0.5,4,4,0,6,0,0.5,TRUE
1085,3,3,2,3,0.666666666666667,3,3,0,3,0,0.666666666666667,TRUE
1086,3,3,2,3,0.666666666666667,3,3,0,3,0,0.666666666666667,TRUE
1087,3,3,2,3,0.666666666666667,3,3,0,3,0,0.666666666666667,TRUE
1088,3,3,2,3,0.666666666666667,3,3,0,3,0,0.666666666666667,TRUE
1089,2,2,1,1,1,2,2,0,1,0,1,TRUE
1090,2,2,1,1,1,2,2,0,1,0,1,TRUE
1091,2,2,1,1,1,2,2,0,1,0,1,TRUE
1092,2,2,1,1,1,2,2,0,1,0,1,TRUE
1093,2,2,1,1,1,2,2,0,1,0,1,TRUE
1094,2,2,1,1,1,2,2,0,1,0,1,TRUE
1095,2,2,1,1,1,2,2,0,1,0,1,TRUE
1096,4,4,3,6,0.5,4,4,0,6,0,0.5,TRUE
1097,3,3,2,3,0.666666666666667,3,3,0,3,0,0.666666666666667,TRUE
1098,3,3,2,3,0.666666666666667,3,3,0,3,0,0.666666666666667,TRUE
1099,3,3,2,3,0.666666666666667,3,3,0,3,0,0.666666666666667,TRUE
1100,3,3,2,3,0.666666666666667,3,3,0,3,0,0.666666666666667,TRUE
1101,3,3,2,3,0.666666666666667,3,3,0,3,0,0.666666666666667,TRUE
1102,2,2,1,1,1,2,2,0,1,0,1,TRUE
1103,2,2,1,1,1,2,2,0,1,0,1,TRUE
1104,2,2,1,1,1,2,2,0,1,0,1,TRUE
1105,2,2,1,1,1,2,2,0,1,0,1,TRUE
1106,3,3,2,3,0.666666666666667,3,3,0,3,0,0.666666666666667,TRUE
1107,2,2,1,1,1,2,2,0,1,0,1,TRUE
1108,3,3,2,3,0.666666666666667,2,2,0,1,0,0.666666666666667,FALSE
1109,2,2,1,1,1,3,3,0,3,0,1,FALSE
1110,2,2,1,1,1,2,2,0,1,0,1,TRUE
1111,2,2,1,1,1,2,2,0,1,0,1,TRUE
1112,2,2,1,1,1,2,2,0,1,0,1,TRUE
1113,2,2,1,1,1,2,2,0,1,0,1,TRUE
1114,2,2,1,1,1,2,2,0,1,0,1,TRUE
1115,2,2,1,1,1,2,2,0,1,0,1,TRUE
1116,2,2,1,1,1,2,2,0,1,0,1,TRUE
1117,2,2,1,1,1,2,2,0,1,0,1,TRUE
1118,2,2,1,1,1,2,2,0,1,0,1,TRUE
1119,2,2,1,1,1,2,2,0,1,0,1,TRUE
1120,2,2,1,1,1,2,2,0,1,0,1,TRUE
1121,2,2,1,1,1,2,2,0,1,0,1,TRUE
1122,2,2,1,1,1,2,2,0,1,0,1,TRUE
1123,2,2,1,1,1,2,2,0,1,0,1,TRUE
1124,2,2,1,1,1,2,2,0,1,0,1,TRUE
1125,2,2,1,1,1,2,2,0,1,0,1,TRUE
1126,2,2,1,1,1,2,2,0,1,0,1,TRUE
1127,2,2,1,1,1,2,2,0,1,0,1,TRUE
1128,2,2,1,1,1,2,2,0,1,0,1,TRUE
1129,2,2,1,1,1,2,2,0,1,0,1,TRUE
1130,2,2,1,1,1,2,2,0,1,0,1,TRUE
1131,2,2,1,1,1,2,2,0,1,0,1,TRUE
1132,2,2,1,1,1,2,2,0,1,0,1,TRUE
1133,2,2,1,1,1,3,3,0,3,0,1,FALSE
1134,3,3,2,3,0.666666666666667,2,2,0,1,0,0.666666666666667,FALSE
1135,2,2,1,1,1,2,2,0,1,0,1,TRUE
1136,2,2,1,1,1,2,2,0,1,0,1,TRUE
1137,2,2,1,1,1,2,2,0,1,0,1,TRUE
1138,2,2,1,1,1,2,2,0,1,0,1,TRUE
1139,2,2,1,1,1,2,2,0,1,0,1,TRUE
1140,2,2,1,1,1,2,2,0,1,0,1,TRUE
1141,2,2,1,1,1,2,2,0,1,0,1,TRUE
1142,2,2,1,1,1,2,2,0,1,0,1,TRUE
1143,2,2,1,1,1,2,2,0,1,0,1,TRUE
1144,2,2,1,1,1,2,2,0,1,0,1,TRUE
1145,2,2,1,1,1,2,2,0,1,0,1,TRUE
1146,2,2,1,1,1,2,2,0,1,0,1,TRUE
1147,2,2,1,1,1,2,2,0,1,0,1,TRUE
1148,2,2,1,1,1,2,2,0,1,0,1,TRUE
1149,2,2,1,1,1,2,2,0,1,0,1,TRUE
1150,2,2,1,1,1,2,2,0,1,0,1,TRUE
1151,2,2,1,1,1,2,2,0,1,0,1,TRUE
1152,4,4,3,6,0.5,4,4,0,6,0,0.5,TRUE
1153,3,3,2,3,0.666666666666667,3,3,0,3,0,0.666666666666667,TRUE
1154,3,3,2,3,0.666666666666667,3,3,0,3,0,0.666666666666667,TRUE
1155,3,3,2,3,0.666666666666667,3,3,0,3,0,0.666666666666667,TRUE
1156,2,2,1,1,1,2,2,0,1,0,1,TRUE
1157,2,2,1,1,1,2,2,0,1,0,1,TRUE
1158,2,2,1,1,1,2,2,0,1,0,1,TRUE
1159,2,2,1,1,1,2,2,0,1,0,1,TRUE
1160,2,2,1,1,1,2,2,0,1,0,1,TRUE
1161,2,2,1,1,1,2,2,0,1,0,1,TRUE
1162,2,2,1,1,1,2,2,0,1,0,1,TRUE
1163,2,2,1,1,1,2,2,0,1,0,1,TRUE
1164,2,2,1,1,1,2,2,0,1,0,1,TRUE
1165,2,2,1,1,1,2,2,0,1,0,1,TRUE
1166,4,4,3,6,0.5,4,4,0,6,0,0.5,TRUE
1167,3,3,2,3,0.666666666666667,3,3,0,3,0,0.666666666666667,TRUE
1168,2,2,1,1,1,2,2,0,1,0,1,TRUE
1169,2,2,1,1,1,2,2,0,1,0,1,TRUE
1170,2,2,1,1,1,2,2,0,1,0,1,TRUE
1171,2,2,1,1,1,2,2,0,1,0,1,TRUE
1172,4,4,3,6,0.5,4,4,0,6,0,0.5,TRUE
1173,3,3,2,3,0.666666666666667,3,3,0,3,0,0.666666666666667,TRUE
1174,3,3,2,3,0.666666666666667,3,3,0,3,0,0.666666666666667,TRUE
1175,3,3,2,3,0.666666666666667,3,3,0,3,0,0.666666666666667,TRUE
1176,2,2,1,1,1,2,2,0,1,0,1,TRUE
1177,2,2,1,1,1,2,2,0,1,0,1,TRUE
1178,2,2,1,1,1,2,2,0,1,0,1,TRUE
1179,2,2,1,1,1,2,2,0,1,0,1,TRUE
1180,2,2,1,1,1,2,2,0,1,0,1,TRUE
1181,2,2,1,1,1,2,2,0,1,0,1,TRUE
1182,4,4,3,6,0.5,4,4,0,6,0,0.5,TRUE
1183,5,5,4,10,0.4,5,5,0,10,0,0.4,TRUE
1184,3,3,2,3,0.666666666666667,3,3,0,3,0,0.666666666666667,TRUE
1185,2,2,1,1,1,2,2,0,1,0,1,TRUE
1186,2,2,1,1,1,2,2,0,1,0,1,TRUE
1187,2,2,1,1,1,2,2,0,1,0,1,TRUE
1188,2,2,1,1,1,2,2,0,1,0,1,TRUE
1189,4,4,3,6,0.5,4,4,0,6,0,0.5,TRUE
1190,3,3,2,3,0.666666666666667,3,3,0,3,0,0.666666666666667,TRUE
1191,3,3,2,3,0.666666666666667,3,3,0,3,0,0.666666666666667,TRUE
1192,2,2,1,1,1,2,2,0,1,0,1,TRUE
1193,2,2,1,1,1,2,2,0,1,0,1,TRUE
1194,2,2,1,1,1,2,2,0,1,0,1,TRUE
1195,2,2,1,1,1,2,2,0,1,0,1,TRUE
1196,2,2,1,1,1,2,2,0,1,0,1,TRUE
1197,3,3,2,3,0.666666666666667,2,2,0,1,0,0.666666666666667,FALSE
1198,2,2,1,1,1,3,3,0,3,0,1,FALSE
1199,2,2,1,1,1,2,2,0,1,0,1,TRUE
1200,2,2,1,1,1,2,2,0,1,0,1,TRUE
1201,2,2,1,1,1,2,2,0,1,0,1,TRUE
1202,2,2,1,1,1,2,2,0,1,0,1,TRUE
1203,2,2,1,1,1,2,2,0,1,0,1,TRUE
1204,2,2,1,1,1,2,2,0,1,0,1,TRUE
1205,2,2,1,1,1,2,2,0,1,0,1,TRUE
1206,2,2,1,1,1,2,2,0,1,0,1,TRUE
1207,2,2,1,1,1,2,2,0,1,0,1,TRUE
1208,2,2,1,1,1,2,2,0,1,0,1,TRUE
1209,2,2,1,1,1,2,2,0,1,0,1,TRUE
1210,2,2,1,1,1,2,2,0,1,0,1,TRUE
1211,2,2,1,1,1,2,2,0,1,0,1,TRUE
1212,2,2,1,1,1,2,2,0,1,0,1,TRUE
1213,2,2,1,1,1,2,2,0,1,0,1,TRUE
1214,2,2,1,1,1,2,2,0,1,0,1,TRUE
1215,2,2,1,1,1,2,2,0,1,0,1,TRUE
1216,2,2,1,1,1,2,2,0,1,0,1,TRUE
1217,2,2,1,1,1,2,2,0,1,0,1,TRUE
1218,2,2,1,1,1,2,2,0,1,0,1,TRUE
1219,4,4,3,6,0.5,4,4,0,6,0,0.5,TRUE
1220,3,3,2,3,0.666666666666667,3,3,0,3,0,0.666666666666667,TRUE
1221,3,3,2,3,0.666666666666667,3,3,0,3,0,0.666666666666667,TRUE
1222,2,2,1,1,1,2,2,0,1,0,1,TRUE
1223,3,3,2,3,0.666666666666667,2,2,0,1,0,0.666666666666667,FALSE
1224,2,2,1,1,1,3,3,0,3,0,1,FALSE
1225,2,2,1,1,1,2,2,0,1,0,1,TRUE
1226,2,2,1,1,1,2,2,0,1,0,1,TRUE
1227,2,2,1,1,1,2,2,0,1,0,1,TRUE
1228,2,2,1,1,1,2,2,0,1,0,1,TRUE
1229,2,2,1,1,1,2,2,0,1,0,1,TRUE
1230,2,2,1,1,1,2,2,0,1,0,1,TRUE
1231,2,2,1,1,1,2,2,0,1,0,1,TRUE
1232,2,2,1,1,1,2,2,0,1,0,1,TRUE
1233,2,2,1,1,1,2,2,0,1,0,1,TRUE
1234,2,2,1,1,1,2,2,0,1,0,1,TRUE
1235,2,2,1,1,1,2,2,0,1,0,1,TRUE
1236,2,2,1,1,1,2,2,0,1,0,1,TRUE
1237,2,2,1,1,1,2,2,0,1,0,1,TRUE
1238,2,2,1,1,1,2,2,0,1,0,1,TRUE
1239,2,2,1,1,1,2,2,0,1,0,1,TRUE
1240,2,2,1,1,1,2,2,0,1,0,1,TRUE
1241,3,3,2,3,0.666666666666667,3,3,0,3,0,0.666666666666667,TRUE
1242,2,2,1,1,1,2,2,0,1,0,1,TRUE
1243,2,2,1,1,1,2,2,0,1,0,1,TRUE
1244,2,2,1,1,1,2,2,0,1,0,1,TRUE
1245,2,2,1,1,1,2,2,0,1,0,1,TRUE
1246,2,2,1,1,1,2,2,0,1,0,1,TRUE
1247,2,2,1,1,1,2,2,0,1,0,1,TRUE
1248,4,4,3,6,0.5,4,4,0,6,0,0.5,TRUE
1249,3,3,2,3,0.666666666666667,3,3,0,3,0,0.666666666666667,TRUE
1250,3,3,2,3,0.666666666666667,3,3,0,3,0,0.666666666666667,TRUE
1251,4,4,3,6,0.5,4,4,0,6,0,0.5,TRUE
1252,3,3,2,3,0.666666666666667,3,3,0,3,0,0.666666666666667,TRUE
1253,3,3,2,3,0.666666666666667,3,3,0,3,0,0.666666666666667,TRUE
1254,3,3,2,3,0.666666666666667,3,3,0,3,0,0.666666666666667,TRUE
1255,2,2,1,1,1,2,2,0,1,0,1,TRUE
1256,2,2,1,1,1,2,2,0,1,0,1,TRUE
1257,2,2,1,1,1,2,2,0,1,0,1,TRUE
1258,2,2,1,1,1,3,3,0,3,0,1,FALSE
1259,3,3,2,3,0.666666666666667,2,2,0,1,0,0.666666666666667,FALSE
1260,2,2,1,1,1,2,2,0,1,0,1,TRUE
1261,2,2,1,1,1,2,2,0,1,0,1,TRUE
1262,2,2,1,1,1,2,2,0,1,0,1,TRUE
1263,2,2,1,1,1,2,2,0,1,0,1,TRUE
1264,2,2,1,1,1,2,2,0,1,0,1,TRUE
1265,2,2,1,1,1,2,2,0,1,0,1,TRUE
1266,2,2,1,1,1,2,2,0,1,0,1,TRUE
1267,2,2,1,1,1,2,2,0,1,0,1,TRUE
1268,3,3,2,3,0.666666666666667,3,3,0,3,0,0.666666666666667,TRUE
1269,2,2,1,1,1,2,2,0,1,0,1,TRUE
1270,2,2,1,1,1,2,2,0,1,0,1,TRUE
1271,2,2,1,1,1,2,2,0,1,0,1,TRUE
1272,2,2,1,1,1,2,2,0,1,0,1,TRUE
1273,2,2,1,1,1,2,2,0,1,0,1,TRUE
1274,2,2,1,1,1,2,2,0,1,0,1,TRUE
1275,2,2,1,1,1,2,2,0,1,0,1,TRUE
1276,2,2,1,1,1,2,2,0,1,0,1,TRUE
1277,4,4,3,6,0.5,4,4,0,6,0,0.5,TRUE
1278,3,3,2,3,0.666666666666667,3,3,0,3,0,0.666666666666667,TRUE
1279,3,3,2,3,0.666666666666667,3,3,0,3,0,0.666666666666667,TRUE
1280,3,3,2,3,0.666666666666667,3,3,0,3,0,0.666666666666667,TRUE
1281,2,2,1,1,1,2,2,0,1,0,1,TRUE
1282,2,2,1,1,1,2,2,0,1,0,1,TRUE
1283,2,2,1,1,1,2,2,0,1,0,1,TRUE
1284,2,2,1,1,1,2,2,0,1,0,1,TRUE
1285,4,4,3,6,0.5,4,4,0,6,0,0.5,TRUE
1286,3,3,2,3,0.666666666666667,3,3,0,3,0,0.666666666666667,TRUE
1287,3,3,2,3,0.666666666666667,3,3,0,3,0,0.666666666666667,TRUE
1288,4,4,3,6,0.5,4,4,0,6,0,0.5,TRUE
1289,3,3,2,3,0.666666666666667,3,3,0,3,0,0.666666666666667,TRUE
1290,3,3,2,3,0.666666666666667,3,3,0,3,0,0.666666666666667,TRUE
1291,3,3,2,3,0.666666666666667,3,3,0,3,0,0.666666666666667,TRUE
1292,2,2,1,1,1,2,2,0,1,0,1,TRUE
1293,3,3,2,3,0.666666666666667,3,3,0,3,0,0.666666666666667,TRUE
1294,2,2,1,1,1,2,2,0,1,0,1,TRUE
1295,2,2,1,1,1,2,2,0,1,0,1,TRUE
1296,2,2,1,1,1,2,2,0,1,0,1,TRUE
1297,4,4,3,6,0.5,4,4,0,6,0,0.5,TRUE
1298,3,3,2,3,0.666666666666667,3,3,0,3,0,0.666666666666667,TRUE
1299,3,3,2,3,0.666666666666667,3,3,0,3,0,0.666666666666667,TRUE
1300,2,2,1,1,1,2,2,0,1,0,1,TRUE
1301,2,2,1,1,1,2,2,0,1,0,1,TRUE
1302,2,2,1,1,1,2,2,0,1,0,1,TRUE
1303,2,2,1,1,1,2,2,0,1,0,1,TRUE
1304,2,2,1,1,1,2,2,0,1,0,1,TRUE
1305,3,3,2,3,0.666666666666667,2,2,0,1,0,0.666666666666667,FALSE
1306,2,2,1,1,1,3,3,0,3,0,1,FALSE
1307,2,2,1,1,1,2,2,0,1,0,1,TRUE
1308,3,3,2,3,0.666666666666667,2,2,0,1,0,0.666666666666667,FALSE
1309,2,2,1,1,1,3,3,0,3,0,1,FALSE
1310,2,2,1,1,1,2,2,0,1,0,1,TRUE
1311,3,3,2,3,0.666666666666667,2,2,0,1,0,0.666666666666667,FALSE
1312,2,2,1,1,1,3,3,0,3,0,1,FALSE
1313,2,2,1,1,1,2,2,0,1,0,1,TRUE
1314,2,2,1,1,1,2,2,0,1,0,1,TRUE
1315,4,4,3,6,0.5,4,4,0,6,0,0.5,TRUE
1316,5,5,4,10,0.4,5,5,0,10,0,0.4,TRUE
1317,3,3,2,3,0.666666666666667,3,3,0,3,0,0.666666666666667,TRUE
1318,3,3,2,3,0.666666666666667,3,3,0,3,0,0.666666666666667,TRUE
1319,2,2,1,1,1,2,2,0,1,0,1,TRUE
1320,2,2,1,1,1,2,2,0,1,0,1,TRUE
1321,2,2,1,1,1,2,2,0,1,0,1,TRUE
1322,2,2,1,1,1,2,2,0,1,0,1,TRUE
1323,2,2,1,1,1,2,2,0,1,0,1,TRUE
1324,2,2,1,1,1,2,2,0,1,0,1,TRUE
1325,2,2,1,1,1,2,2,0,1,0,1,TRUE
1326,2,2,1,1,1,2,2,0,1,0,1,TRUE
1327,2,2,1,1,1,2,2,0,1,0,1,TRUE
1328,2,2,1,1,1,2,2,0,1,0,1,TRUE
1329,2,2,1,1,1,2,2,0,1,0,1,TRUE
1330,2,2,1,1,1,2,2,0,1,0,1,TRUE
1331,4,4,3,6,0.5,4,4,0,6,0,0.5,TRUE
1332,3,3,2,3,0.666666666666667,3,3,0,3,0,0.666666666666667,TRUE
1333,2,2,1,1,1,2,2,0,1,0,1,TRUE
1334,2,2,1,1,1,2,2,0,1,0,1,TRUE
1335,2,2,1,1,1,2,2,0,1,0,1,TRUE
1336,2,2,1,1,1,2,2,0,1,0,1,TRUE
1337,2,2,1,1,1,2,2,0,1,0,1,TRUE
1338,2,2,1,1,1,2,2,0,1,0,1,TRUE
1339,2,2,1,1,1,2,2,0,1,0,1,TRUE
1340,7,7,6,21,0.285714285714286,7,7,0,21,0,0.285714285714286,TRUE
1341,3,3,2,3,0.666666666666667,3,3,0,3,0,0.666666666666667,TRUE
1342,9,9,8,36,0.222222222222222,9,9,0,36,0,0.222222222222222,TRUE
1343,3,3,2,3,0.666666666666667,3,3,0,3,0,0.666666666666667,TRUE
1344,3,3,2,3,0.666666666666667,3,3,0,3,0,0.666666666666667,TRUE
1345,3,3,2,3,0.666666666666667,3,3,0,3,0,0.666666666666667,TRUE
1346,3,3,2,3,0.666666666666667,3,3,0,3,0,0.666666666666667,TRUE
1347,3,3,2,3,0.666666666666667,3,3,0,3,0,0.666666666666667,TRUE
1348,3,3,2,3,0.666666666666667,3,3,0,3,0,0.666666666666667,TRUE
1349,3,3,2,3,0.666666666666667,3,3,0,3,0,0.666666666666667,TRUE
1350,3,3,2,3,0.666666666666667,3,3,0,3,0,0.666666666666667,TRUE
1351,3,3,2,3,0.666666666666667,3,3,0,3,0,0.666666666666667,TRUE
1352,3,3,2,3,0.666666666666667,3,3,0,3,0,0.666666666666667,TRUE
1353,3,3,2,3,0.666666666666667,3,3,0,3,0,0.666666666666667,TRUE
1354,3,3,2,3,0.666666666666667,3,3,0,3,0,0.666666666666667,TRUE
1355,2,2,1,1,1,2,2,0,1,0,1,TRUE
1356,2,2,1,1,1,2,2,0,1,0,1,TRUE
1357,3,3,2,3,0.666666666666667,3,3,0,3,0,0.666666666666667,TRUE
1358,2,2,1,1,1,2,2,0,1,0,1,TRUE
1359,2,2,1,1,1,2,2,0,1,0,1,TRUE
1360,2,2,1,1,1,2,2,0,1,0,1,TRUE
1361,2,2,1,1,1,2,2,0,1,0,1,TRUE
1362,2,2,1,1,1,2,2,0,1,0,1,TRUE
1363,2,2,1,1,1,2,2,0,1,0,1,TRUE
1364,3,3,2,3,0.666666666666667,3,3,0,3,0,0.666666666666667,TRUE
1365,2,2,1,1,1,2,2,0,1,0,1,TRUE
1366,2,2,1,1,1,2,2,0,1,0,1,TRUE
1367,2,2,1,1,1,2,2,0,1,0,1,TRUE
1368,2,2,1,1,1,2,2,0,1,0,1,TRUE
1369,2,2,1,1,1,2,2,0,1,0,1,TRUE
1370,2,2,1,1,1,2,2,0,1,0,1,TRUE
1371,2,2,1,1,1,2,2,0,1,0,1,TRUE
1372,2,2,1,1,1,2,2,0,1,0,1,TRUE
1373,2,2,1,1,1,2,2,0,1,0,1,TRUE
1374,2,2,1,1,1,2,2,0,1,0,1,TRUE
1375,2,2,1,1,1,2,2,0,1,0,1,TRUE
1376,2,2,1,1,1,2,2,0,1,0,1,TRUE
1377,2,2,1,1,1,2,2,0,1,0,1,TRUE
1378,2,2,1,1,1,2,2,0,1,0,1,TRUE
1379,2,2,1,1,1,2,2,0,1,0,1,TRUE
1380,2,2,1,1,1,2,2,0,1,0,1,TRUE
1381,2,2,1,1,1,2,2,0,1,0,1,TRUE
1382,2,2,1,1,1,2,2,0,1,0,1,TRUE
1383,2,2,1,1,1,2,2,0,1,0,1,TRUE
1384,2,2,1,1,1,3,3,0,3,0,1,FALSE
1385,3,3,2,3,0.666666666666667,2,2,0,1,0,0.666666666666667,FALSE
1386,2,2,1,1,1,2,2,0,1,0,1,TRUE
1387,2,2,1,1,1,2,2,0,1,0,1,TRUE
1388,4,4,3,6,0.5,4,4,0,6,0,0.5,TRUE
1389,3,3,2,3,0.666666666666667,3,3,0,3,0,0.666666666666667,TRUE
1390,3,3,2,3,0.666666666666667,3,3,0,3,0,0.666666666666667,TRUE
1391,3,3,2,3,0.666666666666667,3,3,0,3,0,0.666666666666667,TRUE
1392,3,3,2,3,0.666666666666667,3,3,0,3,0,0.666666666666667,TRUE
1393,3,3,2,3,0.666666666666667,3,3,0,3,0,0.666666666666667,TRUE
1394,3,3,2,3,0.666666666666667,3,3,0,3,0,0.666666666666667,TRUE
1395,3,3,2,3,0.666666666666667,3,3,0,3,0,0.666666666666667,TRUE
1396,3,3,2,3,0.666666666666667,3,3,0,3,0,0.666666666666667,TRUE
1397,3,3,2,3,0.666666666666667,3,3,0,3,0,0.666666666666667,TRUE
1398,3,3,2,3,0.666666666666667,3,3,0,3,0,0.666666666666667,TRUE
1399,3,3,2,3,0.666666666666667,3,3,0,3,0,0.666666666666667,TRUE
1400,3,3,2,3,0.666666666666667,3,3,0,3,0,0.666666666666667,TRUE
1401,3,3,2,3,0.666666666666667,3,3,0,3,0,0.666666666666667,TRUE
1402,3,3,2,3,0.666666666666667,3,3,0,3,0,0.666666666666667,TRUE
1403,3,3,2,3,0.666666666666667,3,3,0,3,0,0.666666666666667,TRUE
1404,3,3,2,3,0.666666666666667,3,3,0,3,0,0.666666666666667,TRUE
1405,2,2,1,1,1,2,2,0,1,0,1,TRUE
1406,2,2,1,1,1,3,3,0,3,0,1,FALSE
1407,3,3,2,3,0.666666666666667,2,2,0,1,0,0.666666666666667,FALSE
1408,2,2,1,1,1,2,2,0,1,0,1,TRUE
1409,2,2,1,1,1,2,2,0,1,0,1,TRUE
1410,2,2,1,1,1,2,2,0,1,0,1,TRUE
1411,2,2,1,1,1,2,2,0,1,0,1,TRUE
1412,3,3,2,3,0.666666666666667,3,3,0,3,0,0.666666666666667,TRUE
1413,2,2,1,1,1,4,4,0,6,0,1,FALSE
1414,3,3,2,3,0.666666666666667,3,3,0,3,0,0.666666666666667,TRUE
1415,4,4,3,6,0.5,2,2,0,1,0,0.5,FALSE
1416,2,2,1,1,1,2,2,0,1,0,1,TRUE
1417,2,2,1,1,1,2,2,0,1,0,1,TRUE
1418,4,4,3,6,0.5,4,4,0,6,0,0.5,TRUE
1419,3,3,2,3,0.666666666666667,3,3,0,3,0,0.666666666666667,TRUE
1420,3,3,2,3,0.666666666666667,3,3,0,3,0,0.666666666666667,TRUE
1421,5,5,4,10,0.4,5,5,0,10,0,0.4,TRUE
1422,3,3,2,3,0.666666666666667,3,3,0,3,0,0.666666666666667,TRUE
1423,3,3,2,3,0.666666666666667,3,3,0,3,0,0.666666666666667,TRUE
1424,3,3,2,3,0.666666666666667,3,3,0,3,0,0.666666666666667,TRUE
1425,3,3,2,3,0.666666666666667,3,3,0,3,0,0.666666666666667,TRUE
1426,3,3,2,3,0.666666666666667,3,3,0,3,0,0.666666666666667,TRUE
1427,2,2,1,1,1,2,2,0,1,0,1,TRUE
1428,2,2,1,1,1,2,2,0,1,0,1,TRUE
1429,2,2,1,1,1,2,2,0,1,0,1,TRUE
1430,2,2,1,1,1,2,2,0,1,0,1,TRUE
1431,2,2,1,1,1,2,2,0,1,0,1,TRUE
1432,2,2,1,1,1,2,2,0,1,0,1,TRUE
1433,2,2,1,1,1,2,2,0,1,0,1,TRUE
1434,4,4,3,6,0.5,4,4,0,6,0,0.5,TRUE
1435,3,3,2,3,0.666666666666667,3,3,0,3,0,0.666666666666667,TRUE
1436,2,2,1,1,1,2,2,0,1,0,1,TRUE
1437,2,2,1,1,1,2,2,0,1,0,1,TRUE
1438,2,2,1,1,1,2,2,0,1,0,1,TRUE
1439,3,3,2,3,0.666666666666667,3,3,0,3,0,0.666666666666667,TRUE
1440,2,2,1,1,1,2,2,0,1,0,1,TRUE
1441,2,2,1,1,1,2,2,0,1,0,1,TRUE
1442,2,2,1,1,1,2,2,0,1,0,1,TRUE
1443,2,2,1,1,1,2,2,0,1,0,1,TRUE
1444,4,4,3,6,0.5,4,4,0,6,0,0.5,TRUE
1445,3,3,2,3,0.666666666666667,3,3,0,3,0,0.666666666666667,TRUE
1446,3,3,2,3,0.666666666666667,3,3,0,3,0,0.666666666666667,TRUE
1447,2,2,1,1,1,2,2,0,1,0,1,TRUE
1448,2,2,1,1,1,3,3,0,3,0,1,FALSE
1449,3,3,2,3,0.666666666666667,2,2,0,1,0,0.666666666666667,FALSE
1450,2,2,1,1,1,2,2,0,1,0,1,TRUE
1451,2,2,1,1,1,2,2,0,1,0,1,TRUE
1452,4,4,3,6,0.5,4,4,0,6,0,0.5,TRUE
1453,3,3,2,3,0.666666666666667,3,3,0,3,0,0.666666666666667,TRUE
1454,3,3,2,3,0.666666666666667,3,3,0,3,0,0.666666666666667,TRUE
1455,2,2,1,1,1,2,2,0,1,0,1,TRUE
1456,3,3,2,3,0.666666666666667,2,2,0,1,0,0.666666666666667,FALSE
1457,2,2,1,1,1,3,3,0,3,0,1,FALSE
1458,2,2,1,1,1,2,2,0,1,0,1,TRUE
1459,2,2,1,1,1,2,2,0,1,0,1,TRUE
1460,2,2,1,1,1,2,2,0,1,0,1,TRUE
1461,2,2,1,1,1,2,2,0,1,0,1,TRUE
1462,2,2,1,1,1,2,2,0,1,0,1,TRUE
1463,2,2,1,1,1,2,2,0,1,0,1,TRUE
1464,2,2,1,1,1,2,2,0,1,0,1,TRUE
1465,2,2,1,1,1,2,2,0,1,0,1,TRUE
1466,2,2,1,1,1,2,2,0,1,0,1,TRUE
1467,2,2,1,1,1,2,2,0,1,0,1,TRUE
1468,2,2,1,1,1,2,2,0,1,0,1,TRUE
1469,2,2,1,1,1,2,2,0,1,0,1,TRUE
1470,2,2,1,1,1,2,2,0,1,0,1,TRUE
1471,2,2,1,1,1,2,2,0,1,0,1,TRUE
1472,2,2,1,1,1,2,2,0,1,0,1,TRUE
1473,2,2,1,1,1,2,2,0,1,0,1,TRUE
1474,2,2,1,1,1,2,2,0,1,0,1,TRUE
1475,2,2,1,1,1,2,2,0,1,0,1,TRUE
1476,2,2,1,1,1,2,2,0,1,0,1,TRUE
1477,2,2,1,1,1,2,2,0,1,0,1,TRUE
1478,2,2,1,1,1,2,2,0,1,0,1,TRUE
1479,2,2,1,1,1,2,2,0,1,0,1,TRUE
1480,2,2,1,1,1,2,2,0,1,0,1,TRUE
1481,2,2,1,1,1,2,2,0,1,0,1,TRUE
1482,2,2,1,1,1,2,2,0,1,0,1,TRUE
1483,2,2,1,1,1,2,2,0,1,0,1,TRUE
1484,2,2,1,1,1,2,2,0,1,0,1,TRUE
1485,2,2,1,1,1,2,2,0,1,0,1,TRUE
1486,3,3,2,3,0.666666666666667,3,3,0,3,0,0.666666666666667,TRUE
1487,2,2,1,1,1,2,2,0,1,0,1,TRUE
1488,2,2,1,1,1,2,2,0,1,0,1,TRUE
1489,2,2,1,1,1,2,2,0,1,0,1,TRUE
1490,2,2,1,1,1,2,2,0,1,0,1,TRUE
1491,3,3,2,3,0.666666666666667,3,3,0,3,0,0.666666666666667,TRUE
1492,2,2,1,1,1,2,2,0,1,0,1,TRUE
1493,2,2,1,1,1,2,2,0,1,0,1,TRUE
1494,2,2,1,1,1,2,2,0,1,0,1,TRUE
1495,2,2,1,1,1,2,2,0,1,0,1,TRUE
1496,2,2,1,1,1,2,2,0,1,0,1,TRUE
1497,2,2,1,1,1,2,2,0,1,0,1,TRUE
1498,2,2,1,1,1,2,2,0,1,0,1,TRUE
1499,2,2,1,1,1,2,2,0,1,0,1,TRUE
1500,2,2,1,1,1,2,2,0,1,0,1,TRUE
1501,2,2,1,1,1,3,3,0,3,0,1,FALSE
1502,3,3,2,3,0.666666666666667,2,2,0,1,0,0.666666666666667,FALSE
1503,2,2,1,1,1,2,2,0,1,0,1,TRUE
1504,2,2,1,1,1,3,3,0,3,0,1,FALSE
1505,3,3,2,3,0.666666666666667,2,2,0,1,0,0.666666666666667,FALSE
1506,2,2,1,1,1,2,2,0,1,0,1,TRUE
1507,2,2,1,1,1,2,2,0,1,0,1,TRUE
1508,2,2,1,1,1,2,2,0,1,0,1,TRUE
1509,2,2,1,1,1,2,2,0,1,0,1,TRUE
1510,2,2,1,1,1,2,2,0,1,0,1,TRUE
1511,3,3,2,3,0.666666666666667,3,3,0,3,0,0.666666666666667,TRUE
1512,2,2,1,1,1,2,2,0,1,0,1,TRUE
1513,2,2,1,1,1,2,2,0,1,0,1,TRUE
1514,2,2,1,1,1,2,2,0,1,0,1,TRUE
1515,3,3,2,3,0.666666666666667,2,2,0,1,0,0.666666666666667,FALSE
1516,2,2,1,1,1,3,3,0,3,0,1,FALSE
1517,2,2,1,1,1,2,2,0,1,0,1,TRUE
1518,2,2,1,1,1,3,3,0,3,0,1,FALSE
1519,3,3,2,3,0.666666666666667,2,2,0,1,0,0.666666666666667,FALSE
1520,4,4,3,6,0.5,4,4,0,6,0,0.5,TRUE
1521,3,3,2,3,0.666666666666667,3,3,0,3,0,0.666666666666667,TRUE
1522,3,3,2,3,0.666666666666667,3,3,0,3,0,0.666666666666667,TRUE
1523,2,2,1,1,1,2,2,0,1,0,1,TRUE
1524,2,2,1,1,1,2,2,0,1,0,1,TRUE
1525,2,2,1,1,1,2,2,0,1,0,1,TRUE
1526,2,2,1,1,1,2,2,0,1,0,1,TRUE
1527,2,2,1,1,1,2,2,0,1,0,1,TRUE
1528,2,2,1,1,1,2,2,0,1,0,1,TRUE
1529,2,2,1,1,1,2,2,0,1,0,1,TRUE
1530,2,2,1,1,1,3,3,0,3,0,1,FALSE
1531,3,3,2,3,0.666666666666667,2,2,0,1,0,0.666666666666667,FALSE
1532,2,2,1,1,1,2,2,0,1,0,1,TRUE
1533,2,2,1,1,1,2,2,0,1,0,1,TRUE
1534,2,2,1,1,1,2,2,0,1,0,1,TRUE
1535,2,2,1,1,1,2,2,0,1,0,1,TRUE
1536,2,2,1,1,1,2,2,0,1,0,1,TRUE
1537,2,2,1,1,1,2,2,0,1,0,1,TRUE
1538,4,4,3,6,0.5,4,4,0,6,0,0.5,TRUE
1539,3,3,2,3,0.666666666666667,3,3,0,3,0,0.666666666666667,TRUE
1540,3,3,2,3,0.666666666666667,3,3,0,3,0,0.666666666666667,TRUE
1541,2,2,1,1,1,2,2,0,1,0,1,TRUE
1542,2,2,1,1,1,2,2,0,1,0,1,TRUE
1543,4,4,3,6,0.5,4,4,0,6,0,0.5,TRUE
1544,3,3,2,3,0.666666666666667,3,3,0,3,0,0.666666666666667,TRUE
1545,3,3,2,3,0.666666666666667,3,3,0,3,0,0.666666666666667,TRUE
1546,2,2,1,1,1,2,2,0,1,0,1,TRUE
1547,2,2,1,1,1,2,2,0,1,0,1,TRUE
1548,2,2,1,1,1,2,2,0,1,0,1,TRUE
1549,2,2,1,1,1,2,2,0,1,0,1,TRUE
1550,2,2,1,1,1,2,2,0,1,0,1,TRUE
1551,2,2,1,1,1,2,2,0,1,0,1,TRUE
1552,2,2,1,1,1,2,2,0,1,0,1,TRUE
1553,2,2,1,1,1,2,2,0,1,0,1,TRUE
1554,2,2,1,1,1,2,2,0,1,0,1,TRUE
1555,2,2,1,1,1,2,2,0,1,0,1,TRUE
1556,2,2,1,1,1,2,2,0,1,0,1,TRUE
1557,2,2,1,1,1,2,2,0,1,0,1,TRUE
1558,2,2,1,1,1,2,2,0,1,0,1,TRUE
1559,2,2,1,1,1,2,2,0,1,0,1,TRUE
1560,2,2,1,1,1,2,2,0,1,0,1,TRUE
1561,2,2,1,1,1,2,2,0,1,0,1,TRUE
1562,2,2,1,1,1,2,2,0,1,0,1,TRUE
1563,2,2,1,1,1,2,2,0,1,0,1,TRUE
1564,2,2,1,1,1,2,2,0,1,0,1,TRUE
1565,2,2,1,1,1,2,2,0,1,0,1,TRUE
1566,2,2,1,1,1,2,2,0,1,0,1,TRUE
1567,2,2,1,1,1,2,2,0,1,0,1,TRUE
1568,2,2,1,1,1,2,2,0,1,0,1,TRUE
1569,2,2,1,1,1,2,2,0,1,0,1,TRUE
1570,2,2,1,1,1,2,2,0,1,0,1,TRUE
1571,3,3,2,3,0.666666666666667,3,3,0,3,0,0.666666666666667,TRUE
1572,2,2,1,1,1,2,2,0,1,0,1,TRUE
1573,2,2,1,1,1,2,2,0,1,0,1,TRUE
1574,3,3,2,3,0.666666666666667,3,3,0,3,0,0.666666666666667,TRUE
1575,2,2,1,1,1,2,2,0,1,0,1,TRUE
1576,2,2,1,1,1,2,2,0,1,0,1,TRUE
1577,2,2,1,1,1,2,2,0,1,0,1,TRUE
1578,2,2,1,1,1,2,2,0,1,0,1,TRUE
1579,2,2,1,1,1,2,2,0,1,0,1,TRUE
1580,4,4,3,6,0.5,4,4,0,6,0,0.5,TRUE
1581,3,3,2,3,0.666666666666667,3,3,0,3,0,0.666666666666667,TRUE
1582,3,3,2,3,0.666666666666667,3,3,0,3,0,0.666666666666667,TRUE
1583,2,2,1,1,1,2,2,0,1,0,1,TRUE
1584,2,2,1,1,1,2,2,0,1,0,1,TRUE
1585,2,2,1,1,1,2,2,0,1,0,1,TRUE
1586,2,2,1,1,1,2,2,0,1,0,1,TRUE
1587,4,4,3,6,0.5,4,4,0,6,0,0.5,TRUE
1588,3,3,2,3,0.666666666666667,3,3,0,3,0,0.666666666666667,TRUE
1589,3,3,2,3,0.666666666666667,3,3,0,3,0,0.666666666666667,TRUE
1590,4,4,3,6,0.5,4,4,0,6,0,0.5,TRUE
1591,3,3,2,3,0.666666666666667,3,3,0,3,0,0.666666666666667,TRUE
1592,3,3,2,3,0.666666666666667,3,3,0,3,0,0.666666666666667,TRUE
1593,2,2,1,1,1,2,2,0,1,0,1,TRUE
1594,2,2,1,1,1,2,2,0,1,0,1,TRUE
1595,2,2,1,1,1,2,2,0,1,0,1,TRUE
1596,2,2,1,1,1,2,2,0,1,0,1,TRUE
1597,2,2,1,1,1,2,2,0,1,0,1,TRUE
1598,2,2,1,1,1,2,2,0,1,0,1,TRUE
1599,4,4,3,6,0.5,4,4,0,6,0,0.5,TRUE
1600,3,3,2,3,0.666666666666667,3,3,0,3,0,0.666666666666667,TRUE
1601,2,2,1,1,1,2,2,0,1,0,1,TRUE
1602,2,2,1,1,1,2,2,0,1,0,1,TRUE
1603,2,2,1,1,1,2,2,0,1,0,1,TRUE
1604,2,2,1,1,1,2,2,0,1,0,1,TRUE
1605,2,2,1,1,1,2,2,0,1,0,1,TRUE
1606,2,2,1,1,1,2,2,0,1,0,1,TRUE
1607,2,2,1,1,1,2,2,0,1,0,1,TRUE
1608,2,2,1,1,1,2,2,0,1,0,1,TRUE
1609,2,2,1,1,1,2,2,0,1,0,1,TRUE
1610,2,2,1,1,1,2,2,0,1,0,1,TRUE
1611,2,2,1,1,1,2,2,0,1,0,1,TRUE
1612,2,2,1,1,1,2,2,0,1,0,1,TRUE
1613,2,2,1,1,1,2,2,0,1,0,1,TRUE
1614,4,4,3,6,0.5,4,4,0,6,0,0.5,TRUE
1615,3,3,2,3,0.666666666666667,3,3,0,3,0,0.666666666666667,TRUE
1616,3,3,2,3,0.666666666666667,3,3,0,3,0,0.666666666666667,TRUE
1617,3,3,2,3,0.666666666666667,3,3,0,3,0,0.666666666666667,TRUE
1618,3,3,2,3,0.666666666666667,3,3,0,3,0,0.666666666666667,TRUE
1619,2,2,1,1,1,2,2,0,1,0,1,TRUE
1620,2,2,1,1,1,2,2,0,1,0,1,TRUE
1621,2,2,1,1,1,2,2,0,1,0,1,TRUE
1622,2,2,1,1,1,2,2,0,1,0,1,TRUE
1623,2,2,1,1,1,2,2,0,1,0,1,TRUE
1624,2,2,1,1,1,2,2,0,1,0,1,TRUE
1625,2,2,1,1,1,2,2,0,1,0,1,TRUE
1626,2,2,1,1,1,2,2,0,1,0,1,TRUE
1627,3,3,2,3,0.666666666666667,3,3,0,3,0,0.666666666666667,TRUE
1628,2,2,1,1,1,2,2,0,1,0,1,TRUE
1629,2,2,1,1,1,2,2,0,1,0,1,TRUE
1630,2,2,1,1,1,2,2,0,1,0,1,TRUE
1631,2,2,1,1,1,2,2,0,1,0,1,TRUE
1632,2,2,1,1,1,2,2,0,1,0,1,TRUE
1633,2,2,1,1,1,2,2,0,1,0,1,TRUE
1634,2,2,1,1,1,2,2,0,1,0,1,TRUE
1635,2,2,1,1,1,2,2,0,1,0,1,TRUE
1636,2,2,1,1,1,2,2,0,1,0,1,TRUE
1637,2,2,1,1,1,2,2,0,1,0,1,TRUE
1638,2,2,1,1,1,2,2,0,1,0,1,TRUE
1639,2,2,1,1,1,2,2,0,1,0,1,TRUE
1640,2,2,1,1,1,2,2,0,1,0,1,TRUE
1641,2,2,1,1,1,2,2,0,1,0,1,TRUE
1642,2,2,1,1,1,2,2,0,1,0,1,TRUE
1643,2,2,1,1,1,2,2,0,1,0,1,TRUE
1644,2,2,1,1,1,2,2,0,1,0,1,TRUE
1645,2,2,1,1,1,2,2,0,1,0,1,TRUE
1646,3,3,2,3,0.666666666666667,3,3,0,3,0,0.666666666666667,TRUE
1647,2,2,1,1,1,2,2,0,1,0,1,TRUE
1648,2,2,1,1,1,2,2,0,1,0,1,TRUE
1649,2,2,1,1,1,2,2,0,1,0,1,TRUE
1650,2,2,1,1,1,2,2,0,1,0,1,TRUE
1651,2,2,1,1,1,2,2,0,1,0,1,TRUE
1652,2,2,1,1,1,2,2,0,1,0,1,TRUE
1653,3,3,2,3,0.666666666666667,3,3,0,3,0,0.666666666666667,TRUE
1654,2,2,1,1,1,2,2,0,1,0,1,TRUE
1655,2,2,1,1,1,2,2,0,1,0,1,TRUE
1656,2,2,1,1,1,2,2,0,1,0,1,TRUE
1657,2,2,1,1,1,2,2,0,1,0,1,TRUE
1658,2,2,1,1,1,2,2,0,1,0,1,TRUE
1659,2,2,1,1,1,2,2,0,1,0,1,TRUE
1660,2,2,1,1,1,2,2,0,1,0,1,TRUE
1661,2,2,1,1,1,2,2,0,1,0,1,TRUE
1662,13,13,12,78,0.153846153846154,13,13,0,78,0,0.153846153846154,TRUE
1663,3,3,2,3,0.666666666666667,3,3,0,3,0,0.666666666666667,TRUE
1664,5,5,4,10,0.4,5,5,0,10,0,0.4,TRUE
1665,3,3,2,3,0.666666666666667,3,3,0,3,0,0.666666666666667,TRUE
1666,3,3,2,3,0.666666666666667,3,3,0,3,0,0.666666666666667,TRUE
1667,3,3,2,3,0.666666666666667,3,3,0,3,0,0.666666666666667,TRUE
1668,3,3,2,3,0.666666666666667,3,3,0,3,0,0.666666666666667,TRUE
1669,27,27,26,351,0.0740740740740741,27,27,0,351,0,0.0740740740740741,TRUE
1670,3,3,2,3,0.666666666666667,3,3,0,3,0,0.666666666666667,TRUE
1671,3,3,2,3,0.666666666666667,3,3,0,3,0,0.666666666666667,TRUE
1672,3,3,2,3,0.666666666666667,3,3,0,3,0,0.666666666666667,TRUE
1673,3,3,2,3,0.666666666666667,3,3,0,3,0,0.666666666666667,TRUE
1674,3,3,2,3,0.666666666666667,3,3,0,3,0,0.666666666666667,TRUE
1675,3,3,2,3,0.666666666666667,3,3,0,3,0,0.666666666666667,TRUE
1676,5,5,4,10,0.4,5,5,0,10,0,0.4,TRUE
1677,3,3,2,3,0.666666666666667,3,3,0,3,0,0.666666666666667,TRUE
1678,3,3,2,3,0.666666666666667,3,3,0,3,0,0.666666666666667,TRUE
1679,3,3,2,3,0.666666666666667,3,3,0,3,0,0.666666666666667,TRUE
1680,3,3,2,3,0.666666666666667,3,3,0,3,0,0.666666666666667,TRUE
1681,3,3,2,3,0.666666666666667,3,3,0,3,0,0.666666666666667,TRUE
1682,3,3,2,3,0.666666666666667,3,3,0,3,0,0.666666666666667,TRUE
1683,3,3,2,3,0.666666666666667,3,3,0,3,0,0.666666666666667,TRUE
1684,2,2,1,1,1,2,2,0,1,0,1,TRUE
1685,2,2,1,1,1,2,2,0,1,0,1,TRUE
1686,2,2,1,1,1,2,2,0,1,0,1,TRUE
1687,2,2,1,1,1,2,2,0,1,0,1,TRUE
1688,2,2,1,1,1,2,2,0,1,0,1,TRUE
1689,2,2,1,1,1,2,2,0,1,0,1,TRUE
1690,2,2,1,1,1,2,2,0,1,0,1,TRUE
1691,2,2,1,1,1,2,2,0,1,0,1,TRUE
1692,2,2,1,1,1,2,2,0,1,0,1,TRUE
1693,2,2,1,1,1,2,2,0,1,0,1,TRUE
1694,2,2,1,1,1,2,2,0,1,0,1,TRUE
1695,2,2,1,1,1,2,2,0,1,0,1,TRUE
1696,4,4,3,6,0.5,4,4,0,6,0,0.5,TRUE
1697,3,3,2,3,0.666666666666667,3,3,0,3,0,0.666666666666667,TRUE
1698,3,3,2,3,0.666666666666667,3,3,0,3,0,0.666666666666667,TRUE
1699,2,2,1,1,1,2,2,0,1,0,1,TRUE
1700,2,2,1,1,1,2,2,0,1,0,1,TRUE
1701,2,2,1,1,1,2,2,0,1,0,1,TRUE
1702,2,2,1,1,1,2,2,0,1,0,1,TRUE
1703,2,2,1,1,1,2,2,0,1,0,1,TRUE
1704,3,3,2,3,0.666666666666667,2,2,0,1,0,0.666666666666667,FALSE
1705,2,2,1,1,1,3,3,0,3,0,1,FALSE
1706,2,2,1,1,1,2,2,0,1,0,1,TRUE
1707,2,2,1,1,1,2,2,0,1,0,1,TRUE
1708,3,3,2,3,0.666666666666667,3,3,0,3,0,0.666666666666667,TRUE
1709,2,2,1,1,1,2,2,0,1,0,1,TRUE
1710,2,2,1,1,1,2,2,0,1,0,1,TRUE
1711,4,4,3,6,0.5,4,4,0,6,0,0.5,TRUE
1712,3,3,2,3,0.666666666666667,3,3,0,3,0,0.666666666666667,TRUE
1713,3,3,2,3,0.666666666666667,3,3,0,3,0,0.666666666666667,TRUE
1714,3,3,2,3,0.666666666666667,3,3,0,3,0,0.666666666666667,TRUE
1715,3,3,2,3,0.666666666666667,3,3,0,3,0,0.666666666666667,TRUE
1716,2,2,1,1,1,2,2,0,1,0,1,TRUE
1717,2,2,1,1,1,2,2,0,1,0,1,TRUE
1718,2,2,1,1,1,2,2,0,1,0,1,TRUE
1719,2,2,1,1,1,2,2,0,1,0,1,TRUE
1720,2,2,1,1,1,2,2,0,1,0,1,TRUE
1721,2,2,1,1,1,2,2,0,1,0,1,TRUE
1722,2,2,1,1,1,2,2,0,1,0,1,TRUE
1723,2,2,1,1,1,2,2,0,1,0,1,TRUE
1724,2,2,1,1,1,2,2,0,1,0,1,TRUE
1725,2,2,1,1,1,2,2,0,1,0,1,TRUE
1726,2,2,1,1,1,2,2,0,1,0,1,TRUE
1727,2,2,1,1,1,2,2,0,1,0,1,TRUE
1728,2,2,1,1,1,2,2,0,1,0,1,TRUE
1729,2,2,1,1,1,2,2,0,1,0,1,TRUE
1730,2,2,1,1,1,2,2,0,1,0,1,TRUE
1731,2,2,1,1,1,2,2,0,1,0,1,TRUE
1732,2,2,1,1,1,2,2,0,1,0,1,TRUE
1733,2,2,1,1,1,2,2,0,1,0,1,TRUE
1734,2,2,1,1,1,2,2,0,1,0,1,TRUE
1735,2,2,1,1,1,2,2,0,1,0,1,TRUE
1736,4,4,3,6,0.5,4,4,0,6,0,0.5,TRUE
1737,3,3,2,3,0.666666666666667,5,5,0,10,0,0.666666666666667,FALSE
1738,2,2,1,1,1,3,3,0,3,0,1,FALSE
1739,3,3,2,3,0.666666666666667,2,2,0,1,0,0.666666666666667,FALSE
1740,2,2,1,1,1,2,2,0,1,0,1,TRUE
1741,2,2,1,1,1,3,3,0,3,0,1,FALSE
1742,3,3,2,3,0.666666666666667,4,4,0,6,0,0.666666666666667,FALSE
1743,4,4,3,6,0.5,3,3,0,3,0,0.5,FALSE
1744,3,3,2,3,0.666666666666667,2,2,0,1,0,0.666666666666667,FALSE
1745,2,2,1,1,1,2,2,0,1,0,1,TRUE
1746,2,2,1,1,1,2,2,0,1,0,1,TRUE
1747,2,2,1,1,1,2,2,0,1,0,1,TRUE
1748,2,2,1,1,1,2,2,0,1,0,1,TRUE
1749,2,2,1,1,1,2,2,0,1,0,1,TRUE
1750,2,2,1,1,1,2,2,0,1,0,1,TRUE
1751,2,2,1,1,1,2,2,0,1,0,1,TRUE
1752,2,2,1,1,1,2,2,0,1,0,1,TRUE
1753,2,2,1,1,1,2,2,0,1,0,1,TRUE
1754,2,2,1,1,1,2,2,0,1,0,1,TRUE
1755,2,2,1,1,1,2,2,0,1,0,1,TRUE
1756,2,2,1,1,1,2,2,0,1,0,1,TRUE
1757,2,2,1,1,1,3,3,0,3,0,1,FALSE
1758,3,3,2,3,0.666666666666667,2,2,0,1,0,0.666666666666667,FALSE
1759,2,2,1,1,1,2,2,0,1,0,1,TRUE
1760,2,2,1,1,1,2,2,0,1,0,1,TRUE
1761,2,2,1,1,1,2,2,0,1,0,1,TRUE
1762,2,2,1,1,1,2,2,0,1,0,1,TRUE
1763,2,2,1,1,1,2,2,0,1,0,1,TRUE
1764,2,2,1,1,1,2,2,0,1,0,1,TRUE
1765,2,2,1,1,1,2,2,0,1,0,1,TRUE
1766,2,2,1,1,1,2,2,0,1,0,1,TRUE
1767,2,2,1,1,1,2,2,0,1,0,1,TRUE
1768,2,2,1,1,1,2,2,0,1,0,1,TRUE
1769,2,2,1,1,1,2,2,0,1,0,1,TRUE
1770,2,2,1,1,1,2,2,0,1,0,1,TRUE
1771,2,2,1,1,1,2,2,0,1,0,1,TRUE
1772,2,2,1,1,1,2,2,0,1,0,1,TRUE
1773,2,2,1,1,1,2,2,0,1,0,1,TRUE
1774,2,2,1,1,1,2,2,0,1,0,1,TRUE
1775,2,2,1,1,1,2,2,0,1,0,1,TRUE
1776,2,2,1,1,1,2,2,0,1,0,1,TRUE
1777,2,2,1,1,1,2,2,0,1,0,1,TRUE
1778,2,2,1,1,1,2,2,0,1,0,1,TRUE
1779,2,2,1,1,1,2,2,0,1,0,1,TRUE
1780,2,2,1,1,1,2,2,0,1,0,1,TRUE
1781,2,2,1,1,1,2,2,0,1,0,1,TRUE
1782,2,2,1,1,1,2,2,0,1,0,1,TRUE
1783,2,2,1,1,1,4,4,0,6,0,1,FALSE
1784,4,4,3,6,0.5,3,3,0,3,0,0.5,FALSE
1785,3,3,2,3,0.666666666666667,3,3,0,3,0,0.666666666666667,TRUE
1786,3,3,2,3,0.666666666666667,2,2,0,1,0,0.666666666666667,FALSE
1787,2,2,1,1,1,2,2,0,1,0,1,TRUE
1788,2,2,1,1,1,2,2,0,1,0,1,TRUE
1789,2,2,1,1,1,2,2,0,1,0,1,TRUE
1790,2,2,1,1,1,2,2,0,1,0,1,TRUE
1791,2,2,1,1,1,2,2,0,1,0,1,TRUE
1792,2,2,1,1,1,2,2,0,1,0,1,TRUE
1793,2,2,1,1,1,2,2,0,1,0,1,TRUE
1794,2,2,1,1,1,4,4,0,6,0,1,FALSE
1795,4,4,3,6,0.5,3,3,0,3,0,0.5,FALSE
1796,3,3,2,3,0.666666666666667,3,3,0,3,0,0.666666666666667,TRUE
1797,3,3,2,3,0.666666666666667,3,3,0,3,0,0.666666666666667,TRUE
1798,3,3,2,3,0.666666666666667,2,2,0,1,0,0.666666666666667,FALSE
1799,2,2,1,1,1,2,2,0,1,0,1,TRUE
1800,2,2,1,1,1,4,4,0,6,0,1,FALSE
1801,4,4,3,6,0.5,3,3,0,3,0,0.5,FALSE
1802,3,3,2,3,0.666666666666667,3,3,0,3,0,0.666666666666667,TRUE
1803,3,3,2,3,0.666666666666667,2,2,0,1,0,0.666666666666667,FALSE
1804,2,2,1,1,1,2,2,0,1,0,1,TRUE
1805,2,2,1,1,1,2,2,0,1,0,1,TRUE
1806,2,2,1,1,1,2,2,0,1,0,1,TRUE
1807,2,2,1,1,1,2,2,0,1,0,1,TRUE
1808,2,2,1,1,1,2,2,0,1,0,1,TRUE
1809,2,2,1,1,1,4,4,0,6,0,1,FALSE
1810,4,4,3,6,0.5,3,3,0,3,0,0.5,FALSE
1811,3,3,2,3,0.666666666666667,3,3,0,3,0,0.666666666666667,TRUE
1812,3,3,2,3,0.666666666666667,3,3,0,3,0,0.666666666666667,TRUE
1813,3,3,2,3,0.666666666666667,3,3,0,3,0,0.666666666666667,TRUE
1814,3,3,2,3,0.666666666666667,2,2,0,1,0,0.666666666666667,FALSE
1815,2,2,1,1,1,2,2,0,1,0,1,TRUE
1816,2,2,1,1,1,2,2,0,1,0,1,TRUE
1817,2,2,1,1,1,2,2,0,1,0,1,TRUE
1818,2,2,1,1,1,2,2,0,1,0,1,TRUE
1819,2,2,1,1,1,2,2,0,1,0,1,TRUE
1820,2,2,1,1,1,4,4,0,6,0,1,FALSE
1821,4,4,3,6,0.5,3,3,0,3,0,0.5,FALSE
1822,3,3,2,3,0.666666666666667,3,3,0,3,0,0.666666666666667,TRUE
1823,3,3,2,3,0.666666666666667,3,3,0,3,0,0.666666666666667,TRUE
1824,3,3,2,3,0.666666666666667,3,3,0,3,0,0.666666666666667,TRUE
1825,3,3,2,3,0.666666666666667,3,3,0,3,0,0.666666666666667,TRUE
1826,3,3,2,3,0.666666666666667,3,3,0,3,0,0.666666666666667,TRUE
1827,3,3,2,3,0.666666666666667,3,3,0,3,0,0.666666666666667,TRUE
1828,3,3,2,3,0.666666666666667,3,3,0,3,0,0.666666666666667,TRUE
1829,3,3,2,3,0.666666666666667,3,3,0,3,0,0.666666666666667,TRUE
1830,3,3,2,3,0.666666666666667,3,3,0,3,0,0.666666666666667,TRUE
1831,3,3,2,3,0.666666666666667,3,3,0,3,0,0.666666666666667,TRUE
1832,3,3,2,3,0.666666666666667,3,3,0,3,0,0.666666666666667,TRUE
1833,3,3,2,3,0.666666666666667,3,3,0,3,0,0.666666666666667,TRUE
1834,3,3,2,3,0.666666666666667,3,3,0,3,0,0.666666666666667,TRUE
1835,3,3,2,3,0.666666666666667,2,2,0,1,0,0.666666666666667,FALSE
1836,2,2,1,1,1,2,2,0,1,0,1,TRUE
1837,2,2,1,1,1,2,2,0,1,0,1,TRUE
1838,2,2,1,1,1,2,2,0,1,0,1,TRUE
1839,2,2,1,1,1,2,2,0,1,0,1,TRUE
1840,2,2,1,1,1,2,2,0,1,0,1,TRUE
1841,3,3,2,3,0.666666666666667,3,3,0,3,0,0.666666666666667,TRUE
1842,2,2,1,1,1,2,2,0,1,0,1,TRUE
1843,2,2,1,1,1,2,2,0,1,0,1,TRUE
1844,2,2,1,1,1,3,3,0,3,0,1,FALSE
1845,3,3,2,3,0.666666666666667,2,2,0,1,0,0.666666666666667,FALSE
1846,2,2,1,1,1,2,2,0,1,0,1,TRUE
1847,2,2,1,1,1,2,2,0,1,0,1,TRUE
1848,2,2,1,1,1,2,2,0,1,0,1,TRUE
1849,2,2,1,1,1,3,3,0,3,0,1,FALSE
1850,3,3,2,3,0.666666666666667,4,4,0,6,0,0.666666666666667,FALSE
1851,4,4,3,6,0.5,3,3,0,3,0,0.5,FALSE
1852,3,3,2,3,0.666666666666667,3,3,0,3,0,0.666666666666667,TRUE
1853,3,3,2,3,0.666666666666667,3,3,0,3,0,0.666666666666667,TRUE
1854,3,3,2,3,0.666666666666667,5,5,0,10,0,0.666666666666667,FALSE
1855,5,5,4,10,0.4,5,5,0,10,0,0.4,TRUE
1856,5,5,4,10,0.4,3,3,0,3,0,0.4,FALSE
1857,3,3,2,3,0.666666666666667,3,3,0,3,0,0.666666666666667,TRUE
1858,3,3,2,3,0.666666666666667,3,3,0,3,0,0.666666666666667,TRUE
1859,3,3,2,3,0.666666666666667,2,2,0,1,0,0.666666666666667,FALSE
1860,2,2,1,1,1,2,2,0,1,0,1,TRUE
1861,2,2,1,1,1,3,3,0,3,0,1,FALSE
1862,3,3,2,3,0.666666666666667,2,2,0,1,0,0.666666666666667,FALSE
1863,2,2,1,1,1,2,2,0,1,0,1,TRUE
1864,2,2,1,1,1,2,2,0,1,0,1,TRUE
1865,2,2,1,1,1,2,2,0,1,0,1,TRUE
1866,2,2,1,1,1,2,2,0,1,0,1,TRUE
1867,2,2,1,1,1,3,3,0,3,0,1,FALSE
1868,2,2,1,1,1,2,2,0,1,0,1,TRUE
1869,3,3,2,3,0.666666666666667,2,2,0,1,0,0.666666666666667,FALSE
1870,2,2,1,1,1,2,2,0,1,0,1,TRUE
1871,2,2,1,1,1,2,2,0,1,0,1,TRUE
1872,2,2,1,1,1,2,2,0,1,0,1,TRUE
1873,2,2,1,1,1,2,2,0,1,0,1,TRUE
1874,2,2,1,1,1,2,2,0,1,0,1,TRUE
1875,2,2,1,1,1,2,2,0,1,0,1,TRUE
1876,2,2,1,1,1,2,2,0,1,0,1,TRUE
1877,2,2,1,1,1,2,2,0,1,0,1,TRUE
1878,2,2,1,1,1,2,2,0,1,0,1,TRUE
1879,2,2,1,1,1,2,2,0,1,0,1,TRUE
1880,2,2,1,1,1,2,2,0,1,0,1,TRUE
1881,2,2,1,1,1,2,2,0,1,0,1,TRUE
1882,2,2,1,1,1,2,2,0,1,0,1,TRUE
1883,3,3,2,3,0.666666666666667,3,3,0,3,0,0.666666666666667,TRUE
1884,2,2,1,1,1,2,2,0,1,0,1,TRUE
1885,2,2,1,1,1,2,2,0,1,0,1,TRUE
1886,2,2,1,1,1,2,2,0,1,0,1,TRUE
1887,2,2,1,1,1,2,2,0,1,0,1,TRUE
1888,2,2,1,1,1,4,4,0,6,0,1,FALSE
1889,4,4,3,6,0.5,3,3,0,3,0,0.5,FALSE
1890,3,3,2,3,0.666666666666667,3,3,0,3,0,0.666666666666667,TRUE
1891,3,3,2,3,0.666666666666667,4,4,0,6,0,0.666666666666667,FALSE
1892,4,4,3,6,0.5,3,3,0,3,0,0.5,FALSE
1893,3,3,2,3,0.666666666666667,3,3,0,3,0,0.666666666666667,TRUE
1894,3,3,2,3,0.666666666666667,2,2,0,1,0,0.666666666666667,FALSE
1895,2,2,1,1,1,2,2,0,1,0,1,TRUE
1896,2,2,1,1,1,2,2,0,1,0,1,TRUE
1897,2,2,1,1,1,2,2,0,1,0,1,TRUE
1898,2,2,1,1,1,4,4,0,6,0,1,FALSE
1899,4,4,3,6,0.5,3,3,0,3,0,0.5,FALSE
1900,3,3,2,3,0.666666666666667,3,3,0,3,0,0.666666666666667,TRUE
1901,3,3,2,3,0.666666666666667,2,2,0,1,0,0.666666666666667,FALSE
1902,2,2,1,1,1,2,2,0,1,0,1,TRUE
1903,2,2,1,1,1,2,2,0,1,0,1,TRUE
1904,2,2,1,1,1,2,2,0,1,0,1,TRUE
1905,2,2,1,1,1,2,2,0,1,0,1,TRUE
1906,2,2,1,1,1,2,2,0,1,0,1,TRUE
1907,2,2,1,1,1,2,2,0,1,0,1,TRUE
1908,2,2,1,1,1,2,2,0,1,0,1,TRUE
1909,2,2,1,1,1,2,2,0,1,0,1,TRUE
1910,2,2,1,1,1,2,2,0,1,0,1,TRUE
1911,3,3,2,3,0.666666666666667,3,3,0,3,0,0.666666666666667,TRUE
1912,2,2,1,1,1,2,2,0,1,0,1,TRUE
1913,2,2,1,1,1,2,2,0,1,0,1,TRUE
1914,2,2,1,1,1,3,3,0,3,0,1,FALSE
1915,3,3,2,3,0.666666666666667,2,2,0,1,0,0.666666666666667,FALSE
1916,2,2,1,1,1,2,2,0,1,0,1,TRUE
1917,2,2,1,1,1,2,2,0,1,0,1,TRUE
1918,2,2,1,1,1,2,2,0,1,0,1,TRUE
1919,2,2,1,1,1,3,3,0,3,0,1,FALSE
1920,3,3,2,3,0.666666666666667,2,2,0,1,0,0.666666666666667,FALSE
1921,2,2,1,1,1,2,2,0,1,0,1,TRUE
1922,2,2,1,1,1,2,2,0,1,0,1,TRUE
1923,2,2,1,1,1,2,2,0,1,0,1,TRUE
1924,2,2,1,1,1,2,2,0,1,0,1,TRUE
1925,2,2,1,1,1,2,2,0,1,0,1,TRUE
1926,2,2,1,1,1,2,2,0,1,0,1,TRUE
1927,2,2,1,1,1,2,2,0,1,0,1,TRUE
1928,2,2,1,1,1,2,2,0,1,0,1,TRUE
1929,2,2,1,1,1,2,2,0,1,0,1,TRUE
1930,2,2,1,1,1,2,2,0,1,0,1,TRUE
1931,2,2,1,1,1,4,4,0,6,0,1,FALSE
1932,4,4,3,6,0.5,5,5,0,10,0,0.5,FALSE
1933,5,5,4,10,0.4,2,2,0,1,0,0.4,FALSE
1934,2,2,1,1,1,3,3,0,3,0,1,FALSE
1935,3,3,2,3,0.666666666666667,2,2,0,1,0,0.666666666666667,FALSE
1936,2,2,1,1,1,2,2,0,1,0,1,TRUE
1937,2,2,1,1,1,2,2,0,1,0,1,TRUE
1938,2,2,1,1,1,2,2,0,1,0,1,TRUE
1939,2,2,1,1,1,2,2,0,1,0,1,TRUE
1940,2,2,1,1,1,2,2,0,1,0,1,TRUE
1941,2,2,1,1,1,2,2,0,1,0,1,TRUE
1942,2,2,1,1,1,2,2,0,1,0,1,TRUE
1943,2,2,1,1,1,3,3,0,3,0,1,FALSE
1944,3,3,2,3,0.666666666666667,2,2,0,1,0,0.666666666666667,FALSE
1945,2,2,1,1,1,2,2,0,1,0,1,TRUE
1946,2,2,1,1,1,2,2,0,1,0,1,TRUE
1947,2,2,1,1,1,2,2,0,1,0,1,TRUE
1948,2,2,1,1,1,2,2,0,1,0,1,TRUE
1949,2,2,1,1,1,2,2,0,1,0,1,TRUE
1950,2,2,1,1,1,2,2,0,1,0,1,TRUE
1951,2,2,1,1,1,2,2,0,1,0,1,TRUE
1952,2,2,1,1,1,2,2,0,1,0,1,TRUE
1953,2,2,1,1,1,2,2,0,1,0,1,TRUE
1954,2,2,1,1,1,2,2,0,1,0,1,TRUE
1955,2,2,1,1,1,2,2,0,1,0,1,TRUE
1956,2,2,1,1,1,4,4,0,6,0,1,FALSE
1957,4,4,3,6,0.5,3,3,0,3,0,0.5,FALSE
1958,3,3,2,3,0.666666666666667,3,3,0,3,0,0.666666666666667,TRUE
1959,3,3,2,3,0.666666666666667,2,2,0,1,0,0.666666666666667,FALSE
1960,2,2,1,1,1,2,2,0,1,0,1,TRUE
1961,2,2,1,1,1,2,2,0,1,0,1,TRUE
1962,2,2,1,1,1,2,2,0,1,0,1,TRUE
1963,2,2,1,1,1,2,2,0,1,0,1,TRUE
1964,2,2,1,1,1,2,2,0,1,0,1,TRUE
1965,2,2,1,1,1,4,4,0,6,0,1,FALSE
1966,4,4,3,6,0.5,3,3,0,3,0,0.5,FALSE
1967,3,3,2,3,0.666666666666667,3,3,0,3,0,0.666666666666667,TRUE
1968,3,3,2,3,0.666666666666667,3,3,0,3,0,0.666666666666667,TRUE
1969,3,3,2,3,0.666666666666667,3,3,0,3,0,0.666666666666667,TRUE
1970,3,3,2,3,0.666666666666667,2,2,0,1,0,0.666666666666667,FALSE
1971,2,2,1,1,1,2,2,0,1,0,1,TRUE
1972,2,2,1,1,1,2,2,0,1,0,1,TRUE
1973,2,2,1,1,1,2,2,0,1,0,1,TRUE
1974,2,2,1,1,1,2,2,0,1,0,1,TRUE
1975,2,2,1,1,1,3,3,0,3,0,1,FALSE
1976,3,3,2,3,0.666666666666667,2,2,0,1,0,0.666666666666667,FALSE
1977,2,2,1,1,1,2,2,0,1,0,1,TRUE
1978,2,2,1,1,1,2,2,0,1,0,1,TRUE
1979,3,3,2,3,0.666666666666667,3,3,0,3,0,0.666666666666667,TRUE
1980,2,2,1,1,1,2,2,0,1,0,1,TRUE
1981,2,2,1,1,1,3,3,0,3,0,1,FALSE
1982,3,3,2,3,0.666666666666667,2,2,0,1,0,0.666666666666667,FALSE
1983,2,2,1,1,1,2,2,0,1,0,1,TRUE
1984,2,2,1,1,1,2,2,0,1,0,1,TRUE
1985,2,2,1,1,1,2,2,0,1,0,1,TRUE
1986,2,2,1,1,1,2,2,0,1,0,1,TRUE
1987,2,2,1,1,1,2,2,0,1,0,1,TRUE
1988,2,2,1,1,1,2,2,0,1,0,1,TRUE
1989,2,2,1,1,1,2,2,0,1,0,1,TRUE
1990,2,2,1,1,1,2,2,0,1,0,1,TRUE
1991,2,2,1,1,1,2,2,0,1,0,1,TRUE
1992,2,2,1,1,1,2,2,0,1,0,1,TRUE
1993,2,2,1,1,1,2,2,0,1,0,1,TRUE
1994,2,2,1,1,1,3,3,0,3,0,1,FALSE
1995,3,3,2,3,0.666666666666667,4,4,0,6,0,0.666666666666667,FALSE
1996,4,4,3,6,0.5,3,3,0,3,0,0.5,FALSE
1997,3,3,2,3,0.666666666666667,3,3,0,3,0,0.666666666666667,TRUE
1998,3,3,2,3,0.666666666666667,4,4,0,6,0,0.666666666666667,FALSE
1999,4,4,3,6,0.5,3,3,0,3,0,0.5,FALSE
2000,3,3,2,3,0.666666666666667,3,3,0,3,0,0.666666666666667,TRUE
2001,3,3,2,3,0.666666666666667,3,3,0,3,0,0.666666666666667,TRUE
2002,3,3,2,3,0.666666666666667,3,3,0,3,0,0.666666666666667,TRUE
2003,3,3,2,3,0.666666666666667,2,2,0,1,0,0.666666666666667,FALSE
2004,2,2,1,1,1,2,2,0,1,0,1,TRUE
2005,2,2,1,1,1,2,2,0,1,0,1,TRUE
2006,2,2,1,1,1,2,2,0,1,0,1,TRUE
2007,2,2,1,1,1,4,4,0,6,0,1,FALSE
2008,4,4,3,6,0.5,3,3,0,3,0,0.5,FALSE
2009,3,3,2,3,0.666666666666667,3,3,0,3,0,0.666666666666667,TRUE
2010,3,3,2,3,0.666666666666667,3,3,0,3,0,0.666666666666667,TRUE
2011,3,3,2,3,0.666666666666667,4,4,0,6,0,0.666666666666667,FALSE
2012,4,4,3,6,0.5,3,3,0,3,0,0.5,FALSE
2013,3,3,2,3,0.666666666666667,3,3,0,3,0,0.666666666666667,TRUE
2014,3,3,2,3,0.666666666666667,2,2,0,1,0,0.666666666666667,FALSE
2015,2,2,1,1,1,2,2,0,1,0,1,TRUE
2016,2,2,1,1,1,3,3,0,3,0,1,FALSE
2017,3,3,2,3,0.666666666666667,2,2,0,1,0,0.666666666666667,FALSE
2018,2,2,1,1,1,2,2,0,1,0,1,TRUE
2019,2,2,1,1,1,2,2,0,1,0,1,TRUE
2020,2,2,1,1,1,2,2,0,1,0,1,TRUE
2021,2,2,1,1,1,2,2,0,1,0,1,TRUE
2022,2,2,1,1,1,2,2,0,1,0,1,TRUE
2023,2,2,1,1,1,2,2,0,1,0,1,TRUE
2024,2,2,1,1,1,2,2,0,1,0,1,TRUE
2025,2,2,1,1,1,2,2,0,1,0,1,TRUE
2026,2,2,1,1,1,2,2,0,1,0,1,TRUE
2027,2,2,1,1,1,4,4,0,6,0,1,FALSE
2028,4,4,3,6,0.5,3,3,0,3,0,0.5,FALSE
2029,3,3,2,3,0.666666666666667,3,3,0,3,0,0.666666666666667,TRUE
2030,3,3,2,3,0.666666666666667,2,2,0,1,0,0.666666666666667,FALSE
2031,2,2,1,1,1,2,2,0,1,0,1,TRUE
2032,2,2,1,1,1,2,2,0,1,0,1,TRUE
2033,2,2,1,1,1,3,3,0,3,0,1,FALSE
2034,2,2,1,1,1,2,2,0,1,0,1,TRUE
2035,3,3,2,3,0.666666666666667,2,2,0,1,0,0.666666666666667,FALSE
2036,2,2,1,1,1,2,2,0,1,0,1,TRUE
2037,2,2,1,1,1,2,2,0,1,0,1,TRUE
2038,2,2,1,1,1,2,2,0,1,0,1,TRUE
2039,2,2,1,1,1,3,3,0,3,0,1,FALSE
2040,3,3,2,3,0.666666666666667,2,2,0,1,0,0.666666666666667,FALSE
2041,2,2,1,1,1,2,2,0,1,0,1,TRUE
2042,2,2,1,1,1,3,3,0,3,0,1,FALSE
2043,3,3,2,3,0.666666666666667,2,2,0,1,0,0.666666666666667,FALSE
2044,2,2,1,1,1,2,2,0,1,0,1,TRUE
2045,2,2,1,1,1,2,2,0,1,0,1,TRUE
2046,2,2,1,1,1,2,2,0,1,0,1,TRUE
2047,2,2,1,1,1,2,2,0,1,0,1,TRUE
2048,2,2,1,1,1,2,2,0,1,0,1,TRUE
2049,2,2,1,1,1,2,2,0,1,0,1,TRUE
2050,2,2,1,1,1,2,2,0,1,0,1,TRUE
2051,2,2,1,1,1,2,2,0,1,0,1,TRUE
2052,2,2,1,1,1,2,2,0,1,0,1,TRUE
2053,3,3,2,3,0.666666666666667,3,3,0,3,0,0.666666666666667,TRUE
2054,2,2,1,1,1,2,2,0,1,0,1,TRUE
2055,2,2,1,1,1,2,2,0,1,0,1,TRUE
2056,2,2,1,1,1,4,4,0,6,0,1,FALSE
2057,4,4,3,6,0.5,3,3,0,3,0,0.5,FALSE
2058,3,3,2,3,0.666666666666667,3,3,0,3,0,0.666666666666667,TRUE
2059,3,3,2,3,0.666666666666667,3,3,0,3,0,0.666666666666667,TRUE
2060,3,3,2,3,0.666666666666667,3,3,0,3,0,0.666666666666667,TRUE
2061,3,3,2,3,0.666666666666667,3,3,0,3,0,0.666666666666667,TRUE
2062,3,3,2,3,0.666666666666667,3,3,0,3,0,0.666666666666667,TRUE
2063,3,3,2,3,0.666666666666667,3,3,0,3,0,0.666666666666667,TRUE
2064,3,3,2,3,0.666666666666667,3,3,0,3,0,0.666666666666667,TRUE
2065,3,3,2,3,0.666666666666667,3,3,0,3,0,0.666666666666667,TRUE
2066,3,3,2,3,0.666666666666667,3,3,0,3,0,0.666666666666667,TRUE
