community_id,n_nodes_fixed,n_vertices_fixed,n_edges_fixed,mean_degree_fixed,median_degree_fixed,max_degree_fixed,min_degree_fixed,n_nodes_orig,n_vertices_orig,n_edges_orig,mean_degree_orig,median_degree_orig,max_degree_orig,min_degree_orig,degree_diff
591,2,2,1,1,1,1,1,2,2,0,0,0,0,0,1
592,2,2,1,1,1,1,1,2,2,0,0,0,0,0,1
593,2,2,1,1,1,1,1,2,2,0,0,0,0,0,1
594,2,2,1,1,1,1,1,2,2,0,0,0,0,0,1
595,3,3,2,1.33333333333333,1,2,1,3,3,0,0,0,0,0,1.33333333333333
596,4,4,3,1.5,1.5,2,1,4,4,0,0,0,0,0,1.5
597,3,3,2,1.33333333333333,1,2,1,3,3,0,0,0,0,0,1.33333333333333
598,3,3,2,1.33333333333333,1,2,1,3,3,0,0,0,0,0,1.33333333333333
599,3,3,2,1.33333333333333,1,2,1,3,3,0,0,0,0,0,1.33333333333333
600,3,3,2,1.33333333333333,1,2,1,3,3,0,0,0,0,0,1.33333333333333
601,3,3,2,1.33333333333333,1,2,1,3,3,0,0,0,0,0,1.33333333333333
602,2,2,1,1,1,1,1,2,2,0,0,0,0,0,1
603,2,2,1,1,1,1,1,2,2,0,0,0,0,0,1
604,2,2,1,1,1,1,1,2,2,0,0,0,0,0,1
605,2,2,1,1,1,1,1,2,2,0,0,0,0,0,1
606,2,2,1,1,1,1,1,2,2,0,0,0,0,0,1
607,2,2,1,1,1,1,1,2,2,0,0,0,0,0,1
608,2,2,1,1,1,1,1,2,2,0,0,0,0,0,1
609,2,2,1,1,1,1,1,2,2,0,0,0,0,0,1
610,2,2,1,1,1,1,1,2,2,0,0,0,0,0,1
611,3,3,2,1.33333333333333,1,2,1,3,3,0,0,0,0,0,1.33333333333333
612,2,2,1,1,1,1,1,2,2,0,0,0,0,0,1
613,2,2,1,1,1,1,1,2,2,0,0,0,0,0,1
614,2,2,1,1,1,1,1,2,2,0,0,0,0,0,1
615,2,2,1,1,1,1,1,2,2,0,0,0,0,0,1
616,2,2,1,1,1,1,1,2,2,0,0,0,0,0,1
617,2,2,1,1,1,1,1,2,2,0,0,0,0,0,1
618,2,2,1,1,1,1,1,2,2,0,0,0,0,0,1
619,2,2,1,1,1,1,1,2,2,0,0,0,0,0,1
620,2,2,1,1,1,1,1,2,2,0,0,0,0,0,1
621,2,2,1,1,1,1,1,2,2,0,0,0,0,0,1
622,2,2,1,1,1,1,1,2,2,0,0,0,0,0,1
623,2,2,1,1,1,1,1,2,2,0,0,0,0,0,1
624,2,2,1,1,1,1,1,2,2,0,0,0,0,0,1
625,2,2,1,1,1,1,1,2,2,0,0,0,0,0,1
626,2,2,1,1,1,1,1,2,2,0,0,0,0,0,1
627,4,4,3,1.5,1.5,2,1,4,4,0,0,0,0,0,1.5
628,3,3,2,1.33333333333333,1,2,1,3,3,0,0,0,0,0,1.33333333333333
629,7,7,6,1.71428571428571,2,3,1,7,7,0,0,0,0,0,1.71428571428571
630,5,5,4,1.6,2,2,1,5,5,0,0,0,0,0,1.6
631,6,6,5,1.66666666666667,1.5,3,1,6,6,0,0,0,0,0,1.66666666666667
632,4,4,3,1.5,1.5,2,1,4,4,0,0,0,0,0,1.5
633,2,2,1,1,1,1,1,2,2,0,0,0,0,0,1
634,3,3,2,1.33333333333333,1,2,1,3,3,0,0,0,0,0,1.33333333333333
635,2,2,1,1,1,1,1,2,2,0,0,0,0,0,1
636,2,2,1,1,1,1,1,2,2,0,0,0,0,0,1
637,4,4,3,1.5,1.5,2,1,4,4,0,0,0,0,0,1.5
638,2,2,1,1,1,1,1,2,2,0,0,0,0,0,1
639,3,3,2,1.33333333333333,1,2,1,3,3,0,0,0,0,0,1.33333333333333
640,2,2,1,1,1,1,1,2,2,0,0,0,0,0,1
641,2,2,1,1,1,1,1,2,2,0,0,0,0,0,1
642,2,2,1,1,1,1,1,2,2,0,0,0,0,0,1
643,2,2,1,1,1,1,1,2,2,0,0,0,0,0,1
644,2,2,1,1,1,1,1,2,2,0,0,0,0,0,1
645,3,3,2,1.33333333333333,1,2,1,2,2,0,0,0,0,0,1.33333333333333
646,2,2,1,1,1,1,1,3,3,0,0,0,0,0,1
647,2,2,1,1,1,1,1,2,2,0,0,0,0,0,1
648,2,2,1,1,1,1,1,2,2,0,0,0,0,0,1
649,2,2,1,1,1,1,1,2,2,0,0,0,0,0,1
650,3,3,2,1.33333333333333,1,2,1,2,2,0,0,0,0,0,1.33333333333333
651,2,2,1,1,1,1,1,3,3,0,0,0,0,0,1
652,2,2,1,1,1,1,1,2,2,0,0,0,0,0,1
653,2,2,1,1,1,1,1,2,2,0,0,0,0,0,1
654,2,2,1,1,1,1,1,2,2,0,0,0,0,0,1
655,2,2,1,1,1,1,1,2,2,0,0,0,0,0,1
656,4,4,3,1.5,1.5,2,1,4,4,0,0,0,0,0,1.5
657,3,3,2,1.33333333333333,1,2,1,3,3,0,0,0,0,0,1.33333333333333
658,3,3,2,1.33333333333333,1,2,1,3,3,0,0,0,0,0,1.33333333333333
659,2,2,1,1,1,1,1,2,2,0,0,0,0,0,1
660,2,2,1,1,1,1,1,2,2,0,0,0,0,0,1
661,2,2,1,1,1,1,1,2,2,0,0,0,0,0,1
662,2,2,1,1,1,1,1,2,2,0,0,0,0,0,1
663,2,2,1,1,1,1,1,2,2,0,0,0,0,0,1
664,2,2,1,1,1,1,1,2,2,0,0,0,0,0,1
665,2,2,1,1,1,1,1,2,2,0,0,0,0,0,1
666,2,2,1,1,1,1,1,2,2,0,0,0,0,0,1
667,2,2,1,1,1,1,1,2,2,0,0,0,0,0,1
668,2,2,1,1,1,1,1,2,2,0,0,0,0,0,1
669,2,2,1,1,1,1,1,2,2,0,0,0,0,0,1
670,2,2,1,1,1,1,1,2,2,0,0,0,0,0,1
671,2,2,1,1,1,1,1,2,2,0,0,0,0,0,1
672,2,2,1,1,1,1,1,2,2,0,0,0,0,0,1
673,2,2,1,1,1,1,1,2,2,0,0,0,0,0,1
674,2,2,1,1,1,1,1,2,2,0,0,0,0,0,1
675,2,2,1,1,1,1,1,2,2,0,0,0,0,0,1
676,2,2,1,1,1,1,1,2,2,0,0,0,0,0,1
677,2,2,1,1,1,1,1,2,2,0,0,0,0,0,1
678,2,2,1,1,1,1,1,2,2,0,0,0,0,0,1
679,4,4,3,1.5,1.5,2,1,4,4,0,0,0,0,0,1.5
680,3,3,2,1.33333333333333,1,2,1,3,3,0,0,0,0,0,1.33333333333333
681,3,3,2,1.33333333333333,1,2,1,3,3,0,0,0,0,0,1.33333333333333
682,2,2,1,1,1,1,1,2,2,0,0,0,0,0,1
683,2,2,1,1,1,1,1,2,2,0,0,0,0,0,1
684,3,3,2,1.33333333333333,1,2,1,3,3,0,0,0,0,0,1.33333333333333
685,2,2,1,1,1,1,1,2,2,0,0,0,0,0,1
686,2,2,1,1,1,1,1,2,2,0,0,0,0,0,1
687,2,2,1,1,1,1,1,2,2,0,0,0,0,0,1
688,2,2,1,1,1,1,1,2,2,0,0,0,0,0,1
689,2,2,1,1,1,1,1,2,2,0,0,0,0,0,1
690,2,2,1,1,1,1,1,2,2,0,0,0,0,0,1
691,2,2,1,1,1,1,1,2,2,0,0,0,0,0,1
692,2,2,1,1,1,1,1,2,2,0,0,0,0,0,1
693,2,2,1,1,1,1,1,2,2,0,0,0,0,0,1
694,2,2,1,1,1,1,1,2,2,0,0,0,0,0,1
695,4,4,3,1.5,1.5,2,1,4,4,0,0,0,0,0,1.5
696,3,3,2,1.33333333333333,1,2,1,3,3,0,0,0,0,0,1.33333333333333
697,3,3,2,1.33333333333333,1,2,1,3,3,0,0,0,0,0,1.33333333333333
698,3,3,2,1.33333333333333,1,2,1,3,3,0,0,0,0,0,1.33333333333333
699,2,2,1,1,1,1,1,2,2,0,0,0,0,0,1
700,2,2,1,1,1,1,1,2,2,0,0,0,0,0,1
701,4,4,3,1.5,1.5,2,1,4,4,0,0,0,0,0,1.5
702,3,3,2,1.33333333333333,1,2,1,3,3,0,0,0,0,0,1.33333333333333
703,3,3,2,1.33333333333333,1,2,1,3,3,0,0,0,0,0,1.33333333333333
704,2,2,1,1,1,1,1,2,2,0,0,0,0,0,1
705,2,2,1,1,1,1,1,2,2,0,0,0,0,0,1
706,2,2,1,1,1,1,1,2,2,0,0,0,0,0,1
707,2,2,1,1,1,1,1,2,2,0,0,0,0,0,1
708,2,2,1,1,1,1,1,2,2,0,0,0,0,0,1
709,2,2,1,1,1,1,1,2,2,0,0,0,0,0,1
710,2,2,1,1,1,1,1,2,2,0,0,0,0,0,1
711,2,2,1,1,1,1,1,2,2,0,0,0,0,0,1
712,2,2,1,1,1,1,1,2,2,0,0,0,0,0,1
713,2,2,1,1,1,1,1,2,2,0,0,0,0,0,1
714,2,2,1,1,1,1,1,2,2,0,0,0,0,0,1
715,2,2,1,1,1,1,1,2,2,0,0,0,0,0,1
716,2,2,1,1,1,1,1,2,2,0,0,0,0,0,1
717,2,2,1,1,1,1,1,2,2,0,0,0,0,0,1
718,2,2,1,1,1,1,1,2,2,0,0,0,0,0,1
719,2,2,1,1,1,1,1,2,2,0,0,0,0,0,1
720,2,2,1,1,1,1,1,2,2,0,0,0,0,0,1
721,2,2,1,1,1,1,1,2,2,0,0,0,0,0,1
722,2,2,1,1,1,1,1,2,2,0,0,0,0,0,1
723,2,2,1,1,1,1,1,2,2,0,0,0,0,0,1
724,2,2,1,1,1,1,1,2,2,0,0,0,0,0,1
725,4,4,3,1.5,1.5,2,1,4,4,0,0,0,0,0,1.5
726,3,3,2,1.33333333333333,1,2,1,3,3,0,0,0,0,0,1.33333333333333
727,3,3,2,1.33333333333333,1,2,1,3,3,0,0,0,0,0,1.33333333333333
728,3,3,2,1.33333333333333,1,2,1,3,3,0,0,0,0,0,1.33333333333333
729,3,3,2,1.33333333333333,1,2,1,3,3,0,0,0,0,0,1.33333333333333
730,3,3,2,1.33333333333333,1,2,1,3,3,0,0,0,0,0,1.33333333333333
731,3,3,2,1.33333333333333,1,2,1,3,3,0,0,0,0,0,1.33333333333333
732,3,3,2,1.33333333333333,1,2,1,3,3,0,0,0,0,0,1.33333333333333
733,5,5,4,1.6,2,2,1,5,5,0,0,0,0,0,1.6
734,3,3,2,1.33333333333333,1,2,1,3,3,0,0,0,0,0,1.33333333333333
735,3,3,2,1.33333333333333,1,2,1,3,3,0,0,0,0,0,1.33333333333333
736,3,3,2,1.33333333333333,1,2,1,3,3,0,0,0,0,0,1.33333333333333
737,2,2,1,1,1,1,1,2,2,0,0,0,0,0,1
738,2,2,1,1,1,1,1,2,2,0,0,0,0,0,1
739,3,3,2,1.33333333333333,1,2,1,3,3,0,0,0,0,0,1.33333333333333
740,2,2,1,1,1,1,1,2,2,0,0,0,0,0,1
741,2,2,1,1,1,1,1,2,2,0,0,0,0,0,1
742,2,2,1,1,1,1,1,2,2,0,0,0,0,0,1
743,2,2,1,1,1,1,1,2,2,0,0,0,0,0,1
744,2,2,1,1,1,1,1,2,2,0,0,0,0,0,1
745,2,2,1,1,1,1,1,2,2,0,0,0,0,0,1
746,2,2,1,1,1,1,1,2,2,0,0,0,0,0,1
747,2,2,1,1,1,1,1,2,2,0,0,0,0,0,1
748,2,2,1,1,1,1,1,2,2,0,0,0,0,0,1
749,3,3,2,1.33333333333333,1,2,1,2,2,0,0,0,0,0,1.33333333333333
750,2,2,1,1,1,1,1,3,3,0,0,0,0,0,1
751,2,2,1,1,1,1,1,2,2,0,0,0,0,0,1
752,2,2,1,1,1,1,1,2,2,0,0,0,0,0,1
753,2,2,1,1,1,1,1,2,2,0,0,0,0,0,1
754,2,2,1,1,1,1,1,2,2,0,0,0,0,0,1
755,2,2,1,1,1,1,1,2,2,0,0,0,0,0,1
756,2,2,1,1,1,1,1,2,2,0,0,0,0,0,1
757,2,2,1,1,1,1,1,2,2,0,0,0,0,0,1
758,2,2,1,1,1,1,1,2,2,0,0,0,0,0,1
759,2,2,1,1,1,1,1,2,2,0,0,0,0,0,1
760,2,2,1,1,1,1,1,2,2,0,0,0,0,0,1
761,2,2,1,1,1,1,1,2,2,0,0,0,0,0,1
762,2,2,1,1,1,1,1,2,2,0,0,0,0,0,1
763,2,2,1,1,1,1,1,2,2,0,0,0,0,0,1
764,2,2,1,1,1,1,1,2,2,0,0,0,0,0,1
765,2,2,1,1,1,1,1,2,2,0,0,0,0,0,1
766,2,2,1,1,1,1,1,2,2,0,0,0,0,0,1
767,3,3,2,1.33333333333333,1,2,1,3,3,0,0,0,0,0,1.33333333333333
768,2,2,1,1,1,1,1,2,2,0,0,0,0,0,1
769,2,2,1,1,1,1,1,2,2,0,0,0,0,0,1
770,2,2,1,1,1,1,1,2,2,0,0,0,0,0,1
771,2,2,1,1,1,1,1,2,2,0,0,0,0,0,1
772,3,3,2,1.33333333333333,1,2,1,3,3,0,0,0,0,0,1.33333333333333
773,3,3,2,1.33333333333333,1,2,1,3,3,0,0,0,0,0,1.33333333333333
774,3,3,2,1.33333333333333,1,2,1,3,3,0,0,0,0,0,1.33333333333333
775,2,2,1,1,1,1,1,2,2,0,0,0,0,0,1
776,2,2,1,1,1,1,1,2,2,0,0,0,0,0,1
777,4,4,3,1.5,1.5,2,1,4,4,0,0,0,0,0,1.5
778,3,3,2,1.33333333333333,1,2,1,3,3,0,0,0,0,0,1.33333333333333
779,3,3,2,1.33333333333333,1,2,1,3,3,0,0,0,0,0,1.33333333333333
780,2,2,1,1,1,1,1,2,2,0,0,0,0,0,1
781,2,2,1,1,1,1,1,2,2,0,0,0,0,0,1
782,2,2,1,1,1,1,1,2,2,0,0,0,0,0,1
783,2,2,1,1,1,1,1,2,2,0,0,0,0,0,1
784,2,2,1,1,1,1,1,2,2,0,0,0,0,0,1
785,2,2,1,1,1,1,1,2,2,0,0,0,0,0,1
786,2,2,1,1,1,1,1,2,2,0,0,0,0,0,1
787,2,2,1,1,1,1,1,2,2,0,0,0,0,0,1
788,2,2,1,1,1,1,1,2,2,0,0,0,0,0,1
789,2,2,1,1,1,1,1,2,2,0,0,0,0,0,1
790,2,2,1,1,1,1,1,2,2,0,0,0,0,0,1
791,2,2,1,1,1,1,1,2,2,0,0,0,0,0,1
792,2,2,1,1,1,1,1,2,2,0,0,0,0,0,1
793,2,2,1,1,1,1,1,2,2,0,0,0,0,0,1
794,2,2,1,1,1,1,1,2,2,0,0,0,0,0,1
795,2,2,1,1,1,1,1,2,2,0,0,0,0,0,1
796,2,2,1,1,1,1,1,2,2,0,0,0,0,0,1
797,2,2,1,1,1,1,1,2,2,0,0,0,0,0,1
798,2,2,1,1,1,1,1,2,2,0,0,0,0,0,1
799,2,2,1,1,1,1,1,2,2,0,0,0,0,0,1
800,2,2,1,1,1,1,1,2,2,0,0,0,0,0,1
801,2,2,1,1,1,1,1,2,2,0,0,0,0,0,1
802,2,2,1,1,1,1,1,2,2,0,0,0,0,0,1
803,2,2,1,1,1,1,1,2,2,0,0,0,0,0,1
804,4,4,3,1.5,1.5,2,1,4,4,0,0,0,0,0,1.5
805,3,3,2,1.33333333333333,1,2,1,3,3,0,0,0,0,0,1.33333333333333
806,3,3,2,1.33333333333333,1,2,1,3,3,0,0,0,0,0,1.33333333333333
807,2,2,1,1,1,1,1,2,2,0,0,0,0,0,1
808,2,2,1,1,1,1,1,2,2,0,0,0,0,0,1
809,2,2,1,1,1,1,1,2,2,0,0,0,0,0,1
810,2,2,1,1,1,1,1,2,2,0,0,0,0,0,1
811,2,2,1,1,1,1,1,2,2,0,0,0,0,0,1
812,2,2,1,1,1,1,1,2,2,0,0,0,0,0,1
813,2,2,1,1,1,1,1,2,2,0,0,0,0,0,1
814,2,2,1,1,1,1,1,2,2,0,0,0,0,0,1
815,2,2,1,1,1,1,1,2,2,0,0,0,0,0,1
816,2,2,1,1,1,1,1,2,2,0,0,0,0,0,1
817,2,2,1,1,1,1,1,2,2,0,0,0,0,0,1
818,2,2,1,1,1,1,1,2,2,0,0,0,0,0,1
819,2,2,1,1,1,1,1,2,2,0,0,0,0,0,1
820,2,2,1,1,1,1,1,2,2,0,0,0,0,0,1
821,2,2,1,1,1,1,1,2,2,0,0,0,0,0,1
822,2,2,1,1,1,1,1,2,2,0,0,0,0,0,1
823,2,2,1,1,1,1,1,2,2,0,0,0,0,0,1
824,2,2,1,1,1,1,1,2,2,0,0,0,0,0,1
825,2,2,1,1,1,1,1,2,2,0,0,0,0,0,1
826,2,2,1,1,1,1,1,2,2,0,0,0,0,0,1
827,2,2,1,1,1,1,1,2,2,0,0,0,0,0,1
828,2,2,1,1,1,1,1,2,2,0,0,0,0,0,1
829,2,2,1,1,1,1,1,2,2,0,0,0,0,0,1
830,2,2,1,1,1,1,1,2,2,0,0,0,0,0,1
831,2,2,1,1,1,1,1,2,2,0,0,0,0,0,1
832,2,2,1,1,1,1,1,2,2,0,0,0,0,0,1
833,2,2,1,1,1,1,1,2,2,0,0,0,0,0,1
834,2,2,1,1,1,1,1,2,2,0,0,0,0,0,1
835,3,3,2,1.33333333333333,1,2,1,3,3,0,0,0,0,0,1.33333333333333
836,4,4,3,1.5,1.5,2,1,4,4,0,0,0,0,0,1.5
837,3,3,2,1.33333333333333,1,2,1,3,3,0,0,0,0,0,1.33333333333333
838,3,3,2,1.33333333333333,1,2,1,3,3,0,0,0,0,0,1.33333333333333
839,2,2,1,1,1,1,1,2,2,0,0,0,0,0,1
840,2,2,1,1,1,1,1,2,2,0,0,0,0,0,1
841,2,2,1,1,1,1,1,2,2,0,0,0,0,0,1
842,3,3,2,1.33333333333333,1,2,1,3,3,0,0,0,0,0,1.33333333333333
843,2,2,1,1,1,1,1,2,2,0,0,0,0,0,1
844,2,2,1,1,1,1,1,2,2,0,0,0,0,0,1
845,2,2,1,1,1,1,1,2,2,0,0,0,0,0,1
846,2,2,1,1,1,1,1,2,2,0,0,0,0,0,1
847,2,2,1,1,1,1,1,2,2,0,0,0,0,0,1
848,2,2,1,1,1,1,1,2,2,0,0,0,0,0,1
849,2,2,1,1,1,1,1,2,2,0,0,0,0,0,1
850,2,2,1,1,1,1,1,2,2,0,0,0,0,0,1
851,2,2,1,1,1,1,1,2,2,0,0,0,0,0,1
852,2,2,1,1,1,1,1,2,2,0,0,0,0,0,1
853,2,2,1,1,1,1,1,2,2,0,0,0,0,0,1
854,2,2,1,1,1,1,1,2,2,0,0,0,0,0,1
855,2,2,1,1,1,1,1,2,2,0,0,0,0,0,1
856,2,2,1,1,1,1,1,2,2,0,0,0,0,0,1
857,2,2,1,1,1,1,1,2,2,0,0,0,0,0,1
858,2,2,1,1,1,1,1,2,2,0,0,0,0,0,1
859,4,4,3,1.5,1.5,2,1,4,4,0,0,0,0,0,1.5
860,3,3,2,1.33333333333333,1,2,1,3,3,0,0,0,0,0,1.33333333333333
861,3,3,2,1.33333333333333,1,2,1,3,3,0,0,0,0,0,1.33333333333333
862,3,3,2,1.33333333333333,1,2,1,3,3,0,0,0,0,0,1.33333333333333
863,3,3,2,1.33333333333333,1,2,1,3,3,0,0,0,0,0,1.33333333333333
864,2,2,1,1,1,1,1,2,2,0,0,0,0,0,1
865,2,2,1,1,1,1,1,2,2,0,0,0,0,0,1
866,4,4,3,1.5,1.5,2,1,4,4,0,0,0,0,0,1.5
867,3,3,2,1.33333333333333,1,2,1,3,3,0,0,0,0,0,1.33333333333333
868,3,3,2,1.33333333333333,1,2,1,3,3,0,0,0,0,0,1.33333333333333
869,2,2,1,1,1,1,1,2,2,0,0,0,0,0,1
870,2,2,1,1,1,1,1,2,2,0,0,0,0,0,1
871,2,2,1,1,1,1,1,2,2,0,0,0,0,0,1
872,3,3,2,1.33333333333333,1,2,1,3,3,0,0,0,0,0,1.33333333333333
873,2,2,1,1,1,1,1,2,2,0,0,0,0,0,1
874,2,2,1,1,1,1,1,2,2,0,0,0,0,0,1
875,2,2,1,1,1,1,1,2,2,0,0,0,0,0,1
876,2,2,1,1,1,1,1,2,2,0,0,0,0,0,1
877,2,2,1,1,1,1,1,2,2,0,0,0,0,0,1
878,2,2,1,1,1,1,1,2,2,0,0,0,0,0,1
879,2,2,1,1,1,1,1,2,2,0,0,0,0,0,1
880,2,2,1,1,1,1,1,2,2,0,0,0,0,0,1
881,2,2,1,1,1,1,1,2,2,0,0,0,0,0,1
882,3,3,2,1.33333333333333,1,2,1,3,3,0,0,0,0,0,1.33333333333333
883,4,4,3,1.5,1.5,2,1,4,4,0,0,0,0,0,1.5
884,3,3,2,1.33333333333333,1,2,1,3,3,0,0,0,0,0,1.33333333333333
885,3,3,2,1.33333333333333,1,2,1,3,3,0,0,0,0,0,1.33333333333333
886,5,5,4,1.6,2,2,1,5,5,0,0,0,0,0,1.6
887,3,3,2,1.33333333333333,1,2,1,3,3,0,0,0,0,0,1.33333333333333
888,2,2,1,1,1,1,1,2,2,0,0,0,0,0,1
889,2,2,1,1,1,1,1,2,2,0,0,0,0,0,1
890,2,2,1,1,1,1,1,2,2,0,0,0,0,0,1
891,2,2,1,1,1,1,1,2,2,0,0,0,0,0,1
892,2,2,1,1,1,1,1,2,2,0,0,0,0,0,1
893,2,2,1,1,1,1,1,2,2,0,0,0,0,0,1
894,2,2,1,1,1,1,1,2,2,0,0,0,0,0,1
895,2,2,1,1,1,1,1,2,2,0,0,0,0,0,1
896,2,2,1,1,1,1,1,2,2,0,0,0,0,0,1
897,2,2,1,1,1,1,1,2,2,0,0,0,0,0,1
898,2,2,1,1,1,1,1,2,2,0,0,0,0,0,1
899,2,2,1,1,1,1,1,2,2,0,0,0,0,0,1
900,2,2,1,1,1,1,1,2,2,0,0,0,0,0,1
901,2,2,1,1,1,1,1,2,2,0,0,0,0,0,1
902,2,2,1,1,1,1,1,2,2,0,0,0,0,0,1
903,3,3,2,1.33333333333333,1,2,1,3,3,0,0,0,0,0,1.33333333333333
904,2,2,1,1,1,1,1,2,2,0,0,0,0,0,1
905,2,2,1,1,1,1,1,2,2,0,0,0,0,0,1
906,3,3,2,1.33333333333333,1,2,1,3,3,0,0,0,0,0,1.33333333333333
907,2,2,1,1,1,1,1,2,2,0,0,0,0,0,1
908,4,4,3,1.5,1.5,2,1,4,4,0,0,0,0,0,1.5
909,4,4,3,1.5,1.5,2,1,2,2,0,0,0,0,0,1.5
910,2,2,1,1,1,1,1,4,4,0,0,0,0,0,1
911,3,3,2,1.33333333333333,1,2,1,3,3,0,0,0,0,0,1.33333333333333
912,2,2,1,1,1,1,1,2,2,0,0,0,0,0,1
913,2,2,1,1,1,1,1,2,2,0,0,0,0,0,1
914,2,2,1,1,1,1,1,2,2,0,0,0,0,0,1
915,2,2,1,1,1,1,1,2,2,0,0,0,0,0,1
916,2,2,1,1,1,1,1,2,2,0,0,0,0,0,1
917,2,2,1,1,1,1,1,2,2,0,0,0,0,0,1
918,2,2,1,1,1,1,1,2,2,0,0,0,0,0,1
919,2,2,1,1,1,1,1,2,2,0,0,0,0,0,1
920,3,3,2,1.33333333333333,1,2,1,3,3,0,0,0,0,0,1.33333333333333
921,2,2,1,1,1,1,1,2,2,0,0,0,0,0,1
922,2,2,1,1,1,1,1,2,2,0,0,0,0,0,1
923,2,2,1,1,1,1,1,2,2,0,0,0,0,0,1
924,2,2,1,1,1,1,1,2,2,0,0,0,0,0,1
925,2,2,1,1,1,1,1,2,2,0,0,0,0,0,1
926,2,2,1,1,1,1,1,2,2,0,0,0,0,0,1
927,2,2,1,1,1,1,1,2,2,0,0,0,0,0,1
928,2,2,1,1,1,1,1,2,2,0,0,0,0,0,1
929,4,4,3,1.5,1.5,2,1,4,4,0,0,0,0,0,1.5
930,3,3,2,1.33333333333333,1,2,1,3,3,0,0,0,0,0,1.33333333333333
931,3,3,2,1.33333333333333,1,2,1,3,3,0,0,0,0,0,1.33333333333333
932,2,2,1,1,1,1,1,2,2,0,0,0,0,0,1
933,3,3,2,1.33333333333333,1,2,1,2,2,0,0,0,0,0,1.33333333333333
934,2,2,1,1,1,1,1,3,3,0,0,0,0,0,1
935,2,2,1,1,1,1,1,2,2,0,0,0,0,0,1
936,2,2,1,1,1,1,1,2,2,0,0,0,0,0,1
937,2,2,1,1,1,1,1,2,2,0,0,0,0,0,1
938,2,2,1,1,1,1,1,2,2,0,0,0,0,0,1
939,2,2,1,1,1,1,1,2,2,0,0,0,0,0,1
940,2,2,1,1,1,1,1,2,2,0,0,0,0,0,1
941,3,3,2,1.33333333333333,1,2,1,3,3,0,0,0,0,0,1.33333333333333
942,4,4,3,1.5,1.5,2,1,4,4,0,0,0,0,0,1.5
943,3,3,2,1.33333333333333,1,2,1,3,3,0,0,0,0,0,1.33333333333333
944,3,3,2,1.33333333333333,1,2,1,3,3,0,0,0,0,0,1.33333333333333
945,2,2,1,1,1,1,1,2,2,0,0,0,0,0,1
946,2,2,1,1,1,1,1,2,2,0,0,0,0,0,1
947,2,2,1,1,1,1,1,2,2,0,0,0,0,0,1
948,2,2,1,1,1,1,1,2,2,0,0,0,0,0,1
949,4,4,3,1.5,1.5,2,1,4,4,0,0,0,0,0,1.5
950,3,3,2,1.33333333333333,1,2,1,3,3,0,0,0,0,0,1.33333333333333
951,3,3,2,1.33333333333333,1,2,1,3,3,0,0,0,0,0,1.33333333333333
952,2,2,1,1,1,1,1,2,2,0,0,0,0,0,1
953,2,2,1,1,1,1,1,2,2,0,0,0,0,0,1
954,2,2,1,1,1,1,1,2,2,0,0,0,0,0,1
955,3,3,2,1.33333333333333,1,2,1,3,3,0,0,0,0,0,1.33333333333333
956,2,2,1,1,1,1,1,2,2,0,0,0,0,0,1
957,2,2,1,1,1,1,1,2,2,0,0,0,0,0,1
958,2,2,1,1,1,1,1,2,2,0,0,0,0,0,1
959,2,2,1,1,1,1,1,2,2,0,0,0,0,0,1
960,2,2,1,1,1,1,1,2,2,0,0,0,0,0,1
961,2,2,1,1,1,1,1,2,2,0,0,0,0,0,1
962,2,2,1,1,1,1,1,2,2,0,0,0,0,0,1
963,2,2,1,1,1,1,1,2,2,0,0,0,0,0,1
964,2,2,1,1,1,1,1,2,2,0,0,0,0,0,1
965,2,2,1,1,1,1,1,2,2,0,0,0,0,0,1
966,2,2,1,1,1,1,1,2,2,0,0,0,0,0,1
967,2,2,1,1,1,1,1,2,2,0,0,0,0,0,1
968,2,2,1,1,1,1,1,2,2,0,0,0,0,0,1
969,2,2,1,1,1,1,1,2,2,0,0,0,0,0,1
970,2,2,1,1,1,1,1,3,3,0,0,0,0,0,1
971,3,3,2,1.33333333333333,1,2,1,2,2,0,0,0,0,0,1.33333333333333
972,4,4,3,1.5,1.5,2,1,4,4,0,0,0,0,0,1.5
973,3,3,2,1.33333333333333,1,2,1,3,3,0,0,0,0,0,1.33333333333333
974,3,3,2,1.33333333333333,1,2,1,3,3,0,0,0,0,0,1.33333333333333
975,2,2,1,1,1,1,1,2,2,0,0,0,0,0,1
976,2,2,1,1,1,1,1,2,2,0,0,0,0,0,1
977,2,2,1,1,1,1,1,2,2,0,0,0,0,0,1
978,2,2,1,1,1,1,1,2,2,0,0,0,0,0,1
979,2,2,1,1,1,1,1,2,2,0,0,0,0,0,1
980,2,2,1,1,1,1,1,2,2,0,0,0,0,0,1
981,2,2,1,1,1,1,1,2,2,0,0,0,0,0,1
982,2,2,1,1,1,1,1,2,2,0,0,0,0,0,1
983,2,2,1,1,1,1,1,2,2,0,0,0,0,0,1
984,2,2,1,1,1,1,1,2,2,0,0,0,0,0,1
985,2,2,1,1,1,1,1,2,2,0,0,0,0,0,1
986,2,2,1,1,1,1,1,2,2,0,0,0,0,0,1
987,2,2,1,1,1,1,1,2,2,0,0,0,0,0,1
988,2,2,1,1,1,1,1,2,2,0,0,0,0,0,1
989,2,2,1,1,1,1,1,2,2,0,0,0,0,0,1
990,2,2,1,1,1,1,1,2,2,0,0,0,0,0,1
991,2,2,1,1,1,1,1,2,2,0,0,0,0,0,1
992,2,2,1,1,1,1,1,2,2,0,0,0,0,0,1
993,2,2,1,1,1,1,1,2,2,0,0,0,0,0,1
994,2,2,1,1,1,1,1,2,2,0,0,0,0,0,1
995,2,2,1,1,1,1,1,2,2,0,0,0,0,0,1
996,2,2,1,1,1,1,1,2,2,0,0,0,0,0,1
997,2,2,1,1,1,1,1,2,2,0,0,0,0,0,1
998,2,2,1,1,1,1,1,2,2,0,0,0,0,0,1
999,2,2,1,1,1,1,1,2,2,0,0,0,0,0,1
1000,2,2,1,1,1,1,1,2,2,0,0,0,0,0,1
1001,2,2,1,1,1,1,1,2,2,0,0,0,0,0,1
1002,2,2,1,1,1,1,1,2,2,0,0,0,0,0,1
1003,2,2,1,1,1,1,1,2,2,0,0,0,0,0,1
1004,2,2,1,1,1,1,1,2,2,0,0,0,0,0,1
1005,2,2,1,1,1,1,1,2,2,0,0,0,0,0,1
1006,2,2,1,1,1,1,1,2,2,0,0,0,0,0,1
1007,2,2,1,1,1,1,1,2,2,0,0,0,0,0,1
1008,4,4,3,1.5,1.5,2,1,4,4,0,0,0,0,0,1.5
1009,3,3,2,1.33333333333333,1,2,1,3,3,0,0,0,0,0,1.33333333333333
1010,3,3,2,1.33333333333333,1,2,1,3,3,0,0,0,0,0,1.33333333333333
1011,3,3,2,1.33333333333333,1,2,1,3,3,0,0,0,0,0,1.33333333333333
1012,2,2,1,1,1,1,1,2,2,0,0,0,0,0,1
1013,2,2,1,1,1,1,1,2,2,0,0,0,0,0,1
1014,3,3,2,1.33333333333333,1,2,1,3,3,0,0,0,0,0,1.33333333333333
1015,2,2,1,1,1,1,1,2,2,0,0,0,0,0,1
1016,2,2,1,1,1,1,1,2,2,0,0,0,0,0,1
1017,2,2,1,1,1,1,1,2,2,0,0,0,0,0,1
1018,2,2,1,1,1,1,1,2,2,0,0,0,0,0,1
1019,2,2,1,1,1,1,1,2,2,0,0,0,0,0,1
1020,2,2,1,1,1,1,1,2,2,0,0,0,0,0,1
1021,2,2,1,1,1,1,1,2,2,0,0,0,0,0,1
1022,2,2,1,1,1,1,1,2,2,0,0,0,0,0,1
1023,2,2,1,1,1,1,1,2,2,0,0,0,0,0,1
1024,3,3,2,1.33333333333333,1,2,1,2,2,0,0,0,0,0,1.33333333333333
1025,2,2,1,1,1,1,1,3,3,0,0,0,0,0,1
1026,2,2,1,1,1,1,1,2,2,0,0,0,0,0,1
1027,2,2,1,1,1,1,1,2,2,0,0,0,0,0,1
1028,2,2,1,1,1,1,1,2,2,0,0,0,0,0,1
1029,2,2,1,1,1,1,1,2,2,0,0,0,0,0,1
1030,2,2,1,1,1,1,1,2,2,0,0,0,0,0,1
1031,2,2,1,1,1,1,1,2,2,0,0,0,0,0,1
1032,2,2,1,1,1,1,1,2,2,0,0,0,0,0,1
1033,2,2,1,1,1,1,1,2,2,0,0,0,0,0,1
1034,2,2,1,1,1,1,1,2,2,0,0,0,0,0,1
1035,2,2,1,1,1,1,1,2,2,0,0,0,0,0,1
1036,2,2,1,1,1,1,1,2,2,0,0,0,0,0,1
1037,2,2,1,1,1,1,1,2,2,0,0,0,0,0,1
1038,2,2,1,1,1,1,1,2,2,0,0,0,0,0,1
1039,2,2,1,1,1,1,1,2,2,0,0,0,0,0,1
1040,2,2,1,1,1,1,1,2,2,0,0,0,0,0,1
1041,3,3,2,1.33333333333333,1,2,1,3,3,0,0,0,0,0,1.33333333333333
1042,2,2,1,1,1,1,1,2,2,0,0,0,0,0,1
1043,2,2,1,1,1,1,1,2,2,0,0,0,0,0,1
1044,2,2,1,1,1,1,1,2,2,0,0,0,0,0,1
1045,2,2,1,1,1,1,1,2,2,0,0,0,0,0,1
1046,2,2,1,1,1,1,1,2,2,0,0,0,0,0,1
1047,2,2,1,1,1,1,1,2,2,0,0,0,0,0,1
1048,2,2,1,1,1,1,1,2,2,0,0,0,0,0,1
1049,2,2,1,1,1,1,1,2,2,0,0,0,0,0,1
1050,2,2,1,1,1,1,1,2,2,0,0,0,0,0,1
1051,2,2,1,1,1,1,1,2,2,0,0,0,0,0,1
1052,2,2,1,1,1,1,1,2,2,0,0,0,0,0,1
1053,2,2,1,1,1,1,1,2,2,0,0,0,0,0,1
1054,2,2,1,1,1,1,1,2,2,0,0,0,0,0,1
1055,2,2,1,1,1,1,1,2,2,0,0,0,0,0,1
1056,2,2,1,1,1,1,1,2,2,0,0,0,0,0,1
1057,2,2,1,1,1,1,1,2,2,0,0,0,0,0,1
1058,2,2,1,1,1,1,1,2,2,0,0,0,0,0,1
1059,2,2,1,1,1,1,1,2,2,0,0,0,0,0,1
1060,3,3,2,1.33333333333333,1,2,1,3,3,0,0,0,0,0,1.33333333333333
1061,2,2,1,1,1,1,1,2,2,0,0,0,0,0,1
1062,2,2,1,1,1,1,1,2,2,0,0,0,0,0,1
1063,2,2,1,1,1,1,1,2,2,0,0,0,0,0,1
1064,2,2,1,1,1,1,1,2,2,0,0,0,0,0,1
1065,2,2,1,1,1,1,1,2,2,0,0,0,0,0,1
1066,2,2,1,1,1,1,1,2,2,0,0,0,0,0,1
1067,4,4,3,1.5,1.5,2,1,4,4,0,0,0,0,0,1.5
1068,3,3,2,1.33333333333333,1,2,1,3,3,0,0,0,0,0,1.33333333333333
1069,3,3,2,1.33333333333333,1,2,1,3,3,0,0,0,0,0,1.33333333333333
1070,3,3,2,1.33333333333333,1,2,1,3,3,0,0,0,0,0,1.33333333333333
1071,2,2,1,1,1,1,1,2,2,0,0,0,0,0,1
1072,2,2,1,1,1,1,1,2,2,0,0,0,0,0,1
1073,2,2,1,1,1,1,1,2,2,0,0,0,0,0,1
1074,2,2,1,1,1,1,1,2,2,0,0,0,0,0,1
1075,3,3,2,1.33333333333333,1,2,1,3,3,0,0,0,0,0,1.33333333333333
1076,4,4,3,1.5,1.5,2,1,4,4,0,0,0,0,0,1.5
1077,3,3,2,1.33333333333333,1,2,1,3,3,0,0,0,0,0,1.33333333333333
1078,3,3,2,1.33333333333333,1,2,1,3,3,0,0,0,0,0,1.33333333333333
1079,3,3,2,1.33333333333333,1,2,1,3,3,0,0,0,0,0,1.33333333333333
1080,2,2,1,1,1,1,1,2,2,0,0,0,0,0,1
1081,2,2,1,1,1,1,1,2,2,0,0,0,0,0,1
1082,2,2,1,1,1,1,1,2,2,0,0,0,0,0,1
1083,2,2,1,1,1,1,1,2,2,0,0,0,0,0,1
1084,4,4,3,1.5,1.5,2,1,4,4,0,0,0,0,0,1.5
1085,3,3,2,1.33333333333333,1,2,1,3,3,0,0,0,0,0,1.33333333333333
1086,3,3,2,1.33333333333333,1,2,1,3,3,0,0,0,0,0,1.33333333333333
1087,3,3,2,1.33333333333333,1,2,1,3,3,0,0,0,0,0,1.33333333333333
1088,3,3,2,1.33333333333333,1,2,1,3,3,0,0,0,0,0,1.33333333333333
1089,2,2,1,1,1,1,1,2,2,0,0,0,0,0,1
1090,2,2,1,1,1,1,1,2,2,0,0,0,0,0,1
1091,2,2,1,1,1,1,1,2,2,0,0,0,0,0,1
1092,2,2,1,1,1,1,1,2,2,0,0,0,0,0,1
1093,2,2,1,1,1,1,1,2,2,0,0,0,0,0,1
1094,2,2,1,1,1,1,1,2,2,0,0,0,0,0,1
1095,2,2,1,1,1,1,1,2,2,0,0,0,0,0,1
1096,4,4,3,1.5,1.5,2,1,4,4,0,0,0,0,0,1.5
1097,3,3,2,1.33333333333333,1,2,1,3,3,0,0,0,0,0,1.33333333333333
1098,3,3,2,1.33333333333333,1,2,1,3,3,0,0,0,0,0,1.33333333333333
1099,3,3,2,1.33333333333333,1,2,1,3,3,0,0,0,0,0,1.33333333333333
1100,3,3,2,1.33333333333333,1,2,1,3,3,0,0,0,0,0,1.33333333333333
1101,3,3,2,1.33333333333333,1,2,1,3,3,0,0,0,0,0,1.33333333333333
1102,2,2,1,1,1,1,1,2,2,0,0,0,0,0,1
1103,2,2,1,1,1,1,1,2,2,0,0,0,0,0,1
1104,2,2,1,1,1,1,1,2,2,0,0,0,0,0,1
1105,2,2,1,1,1,1,1,2,2,0,0,0,0,0,1
1106,3,3,2,1.33333333333333,1,2,1,3,3,0,0,0,0,0,1.33333333333333
1107,2,2,1,1,1,1,1,2,2,0,0,0,0,0,1
1108,3,3,2,1.33333333333333,1,2,1,2,2,0,0,0,0,0,1.33333333333333
1109,2,2,1,1,1,1,1,3,3,0,0,0,0,0,1
1110,2,2,1,1,1,1,1,2,2,0,0,0,0,0,1
1111,2,2,1,1,1,1,1,2,2,0,0,0,0,0,1
1112,2,2,1,1,1,1,1,2,2,0,0,0,0,0,1
1113,2,2,1,1,1,1,1,2,2,0,0,0,0,0,1
1114,2,2,1,1,1,1,1,2,2,0,0,0,0,0,1
1115,2,2,1,1,1,1,1,2,2,0,0,0,0,0,1
1116,2,2,1,1,1,1,1,2,2,0,0,0,0,0,1
1117,2,2,1,1,1,1,1,2,2,0,0,0,0,0,1
1118,2,2,1,1,1,1,1,2,2,0,0,0,0,0,1
1119,2,2,1,1,1,1,1,2,2,0,0,0,0,0,1
1120,2,2,1,1,1,1,1,2,2,0,0,0,0,0,1
1121,2,2,1,1,1,1,1,2,2,0,0,0,0,0,1
1122,2,2,1,1,1,1,1,2,2,0,0,0,0,0,1
1123,2,2,1,1,1,1,1,2,2,0,0,0,0,0,1
1124,2,2,1,1,1,1,1,2,2,0,0,0,0,0,1
1125,2,2,1,1,1,1,1,2,2,0,0,0,0,0,1
1126,2,2,1,1,1,1,1,2,2,0,0,0,0,0,1
1127,2,2,1,1,1,1,1,2,2,0,0,0,0,0,1
1128,2,2,1,1,1,1,1,2,2,0,0,0,0,0,1
1129,2,2,1,1,1,1,1,2,2,0,0,0,0,0,1
1130,2,2,1,1,1,1,1,2,2,0,0,0,0,0,1
1131,2,2,1,1,1,1,1,2,2,0,0,0,0,0,1
1132,2,2,1,1,1,1,1,2,2,0,0,0,0,0,1
1133,2,2,1,1,1,1,1,3,3,0,0,0,0,0,1
1134,3,3,2,1.33333333333333,1,2,1,2,2,0,0,0,0,0,1.33333333333333
1135,2,2,1,1,1,1,1,2,2,0,0,0,0,0,1
1136,2,2,1,1,1,1,1,2,2,0,0,0,0,0,1
1137,2,2,1,1,1,1,1,2,2,0,0,0,0,0,1
1138,2,2,1,1,1,1,1,2,2,0,0,0,0,0,1
1139,2,2,1,1,1,1,1,2,2,0,0,0,0,0,1
1140,2,2,1,1,1,1,1,2,2,0,0,0,0,0,1
1141,2,2,1,1,1,1,1,2,2,0,0,0,0,0,1
1142,2,2,1,1,1,1,1,2,2,0,0,0,0,0,1
1143,2,2,1,1,1,1,1,2,2,0,0,0,0,0,1
1144,2,2,1,1,1,1,1,2,2,0,0,0,0,0,1
1145,2,2,1,1,1,1,1,2,2,0,0,0,0,0,1
1146,2,2,1,1,1,1,1,2,2,0,0,0,0,0,1
1147,2,2,1,1,1,1,1,2,2,0,0,0,0,0,1
1148,2,2,1,1,1,1,1,2,2,0,0,0,0,0,1
1149,2,2,1,1,1,1,1,2,2,0,0,0,0,0,1
1150,2,2,1,1,1,1,1,2,2,0,0,0,0,0,1
1151,2,2,1,1,1,1,1,2,2,0,0,0,0,0,1
1152,4,4,3,1.5,1.5,2,1,4,4,0,0,0,0,0,1.5
1153,3,3,2,1.33333333333333,1,2,1,3,3,0,0,0,0,0,1.33333333333333
1154,3,3,2,1.33333333333333,1,2,1,3,3,0,0,0,0,0,1.33333333333333
1155,3,3,2,1.33333333333333,1,2,1,3,3,0,0,0,0,0,1.33333333333333
1156,2,2,1,1,1,1,1,2,2,0,0,0,0,0,1
1157,2,2,1,1,1,1,1,2,2,0,0,0,0,0,1
1158,2,2,1,1,1,1,1,2,2,0,0,0,0,0,1
1159,2,2,1,1,1,1,1,2,2,0,0,0,0,0,1
1160,2,2,1,1,1,1,1,2,2,0,0,0,0,0,1
1161,2,2,1,1,1,1,1,2,2,0,0,0,0,0,1
1162,2,2,1,1,1,1,1,2,2,0,0,0,0,0,1
1163,2,2,1,1,1,1,1,2,2,0,0,0,0,0,1
1164,2,2,1,1,1,1,1,2,2,0,0,0,0,0,1
1165,2,2,1,1,1,1,1,2,2,0,0,0,0,0,1
1166,4,4,3,1.5,1.5,2,1,4,4,0,0,0,0,0,1.5
1167,3,3,2,1.33333333333333,1,2,1,3,3,0,0,0,0,0,1.33333333333333
1168,2,2,1,1,1,1,1,2,2,0,0,0,0,0,1
1169,2,2,1,1,1,1,1,2,2,0,0,0,0,0,1
1170,2,2,1,1,1,1,1,2,2,0,0,0,0,0,1
1171,2,2,1,1,1,1,1,2,2,0,0,0,0,0,1
1172,4,4,3,1.5,1.5,2,1,4,4,0,0,0,0,0,1.5
1173,3,3,2,1.33333333333333,1,2,1,3,3,0,0,0,0,0,1.33333333333333
1174,3,3,2,1.33333333333333,1,2,1,3,3,0,0,0,0,0,1.33333333333333
1175,3,3,2,1.33333333333333,1,2,1,3,3,0,0,0,0,0,1.33333333333333
1176,2,2,1,1,1,1,1,2,2,0,0,0,0,0,1
1177,2,2,1,1,1,1,1,2,2,0,0,0,0,0,1
1178,2,2,1,1,1,1,1,2,2,0,0,0,0,0,1
1179,2,2,1,1,1,1,1,2,2,0,0,0,0,0,1
1180,2,2,1,1,1,1,1,2,2,0,0,0,0,0,1
1181,2,2,1,1,1,1,1,2,2,0,0,0,0,0,1
1182,4,4,3,1.5,1.5,2,1,4,4,0,0,0,0,0,1.5
1183,5,5,4,1.6,2,2,1,5,5,0,0,0,0,0,1.6
1184,3,3,2,1.33333333333333,1,2,1,3,3,0,0,0,0,0,1.33333333333333
1185,2,2,1,1,1,1,1,2,2,0,0,0,0,0,1
1186,2,2,1,1,1,1,1,2,2,0,0,0,0,0,1
1187,2,2,1,1,1,1,1,2,2,0,0,0,0,0,1
1188,2,2,1,1,1,1,1,2,2,0,0,0,0,0,1
1189,4,4,3,1.5,1.5,2,1,4,4,0,0,0,0,0,1.5
1190,3,3,2,1.33333333333333,1,2,1,3,3,0,0,0,0,0,1.33333333333333
1191,3,3,2,1.33333333333333,1,2,1,3,3,0,0,0,0,0,1.33333333333333
1192,2,2,1,1,1,1,1,2,2,0,0,0,0,0,1
1193,2,2,1,1,1,1,1,2,2,0,0,0,0,0,1
1194,2,2,1,1,1,1,1,2,2,0,0,0,0,0,1
1195,2,2,1,1,1,1,1,2,2,0,0,0,0,0,1
1196,2,2,1,1,1,1,1,2,2,0,0,0,0,0,1
1197,3,3,2,1.33333333333333,1,2,1,2,2,0,0,0,0,0,1.33333333333333
1198,2,2,1,1,1,1,1,3,3,0,0,0,0,0,1
1199,2,2,1,1,1,1,1,2,2,0,0,0,0,0,1
1200,2,2,1,1,1,1,1,2,2,0,0,0,0,0,1
1201,2,2,1,1,1,1,1,2,2,0,0,0,0,0,1
1202,2,2,1,1,1,1,1,2,2,0,0,0,0,0,1
1203,2,2,1,1,1,1,1,2,2,0,0,0,0,0,1
1204,2,2,1,1,1,1,1,2,2,0,0,0,0,0,1
1205,2,2,1,1,1,1,1,2,2,0,0,0,0,0,1
1206,2,2,1,1,1,1,1,2,2,0,0,0,0,0,1
1207,2,2,1,1,1,1,1,2,2,0,0,0,0,0,1
1208,2,2,1,1,1,1,1,2,2,0,0,0,0,0,1
1209,2,2,1,1,1,1,1,2,2,0,0,0,0,0,1
1210,2,2,1,1,1,1,1,2,2,0,0,0,0,0,1
1211,2,2,1,1,1,1,1,2,2,0,0,0,0,0,1
1212,2,2,1,1,1,1,1,2,2,0,0,0,0,0,1
1213,2,2,1,1,1,1,1,2,2,0,0,0,0,0,1
1214,2,2,1,1,1,1,1,2,2,0,0,0,0,0,1
1215,2,2,1,1,1,1,1,2,2,0,0,0,0,0,1
1216,2,2,1,1,1,1,1,2,2,0,0,0,0,0,1
1217,2,2,1,1,1,1,1,2,2,0,0,0,0,0,1
1218,2,2,1,1,1,1,1,2,2,0,0,0,0,0,1
1219,4,4,3,1.5,1.5,2,1,4,4,0,0,0,0,0,1.5
1220,3,3,2,1.33333333333333,1,2,1,3,3,0,0,0,0,0,1.33333333333333
1221,3,3,2,1.33333333333333,1,2,1,3,3,0,0,0,0,0,1.33333333333333
1222,2,2,1,1,1,1,1,2,2,0,0,0,0,0,1
1223,3,3,2,1.33333333333333,1,2,1,2,2,0,0,0,0,0,1.33333333333333
1224,2,2,1,1,1,1,1,3,3,0,0,0,0,0,1
1225,2,2,1,1,1,1,1,2,2,0,0,0,0,0,1
1226,2,2,1,1,1,1,1,2,2,0,0,0,0,0,1
1227,2,2,1,1,1,1,1,2,2,0,0,0,0,0,1
1228,2,2,1,1,1,1,1,2,2,0,0,0,0,0,1
1229,2,2,1,1,1,1,1,2,2,0,0,0,0,0,1
1230,2,2,1,1,1,1,1,2,2,0,0,0,0,0,1
1231,2,2,1,1,1,1,1,2,2,0,0,0,0,0,1
1232,2,2,1,1,1,1,1,2,2,0,0,0,0,0,1
1233,2,2,1,1,1,1,1,2,2,0,0,0,0,0,1
1234,2,2,1,1,1,1,1,2,2,0,0,0,0,0,1
1235,2,2,1,1,1,1,1,2,2,0,0,0,0,0,1
1236,2,2,1,1,1,1,1,2,2,0,0,0,0,0,1
1237,2,2,1,1,1,1,1,2,2,0,0,0,0,0,1
1238,2,2,1,1,1,1,1,2,2,0,0,0,0,0,1
1239,2,2,1,1,1,1,1,2,2,0,0,0,0,0,1
1240,2,2,1,1,1,1,1,2,2,0,0,0,0,0,1
1241,3,3,2,1.33333333333333,1,2,1,3,3,0,0,0,0,0,1.33333333333333
1242,2,2,1,1,1,1,1,2,2,0,0,0,0,0,1
1243,2,2,1,1,1,1,1,2,2,0,0,0,0,0,1
1244,2,2,1,1,1,1,1,2,2,0,0,0,0,0,1
1245,2,2,1,1,1,1,1,2,2,0,0,0,0,0,1
1246,2,2,1,1,1,1,1,2,2,0,0,0,0,0,1
1247,2,2,1,1,1,1,1,2,2,0,0,0,0,0,1
1248,4,4,3,1.5,1.5,2,1,4,4,0,0,0,0,0,1.5
1249,3,3,2,1.33333333333333,1,2,1,3,3,0,0,0,0,0,1.33333333333333
1250,3,3,2,1.33333333333333,1,2,1,3,3,0,0,0,0,0,1.33333333333333
1251,4,4,3,1.5,1.5,2,1,4,4,0,0,0,0,0,1.5
1252,3,3,2,1.33333333333333,1,2,1,3,3,0,0,0,0,0,1.33333333333333
1253,3,3,2,1.33333333333333,1,2,1,3,3,0,0,0,0,0,1.33333333333333
1254,3,3,2,1.33333333333333,1,2,1,3,3,0,0,0,0,0,1.33333333333333
1255,2,2,1,1,1,1,1,2,2,0,0,0,0,0,1
1256,2,2,1,1,1,1,1,2,2,0,0,0,0,0,1
1257,2,2,1,1,1,1,1,2,2,0,0,0,0,0,1
1258,2,2,1,1,1,1,1,3,3,0,0,0,0,0,1
1259,3,3,2,1.33333333333333,1,2,1,2,2,0,0,0,0,0,1.33333333333333
1260,2,2,1,1,1,1,1,2,2,0,0,0,0,0,1
1261,2,2,1,1,1,1,1,2,2,0,0,0,0,0,1
1262,2,2,1,1,1,1,1,2,2,0,0,0,0,0,1
1263,2,2,1,1,1,1,1,2,2,0,0,0,0,0,1
1264,2,2,1,1,1,1,1,2,2,0,0,0,0,0,1
1265,2,2,1,1,1,1,1,2,2,0,0,0,0,0,1
1266,2,2,1,1,1,1,1,2,2,0,0,0,0,0,1
1267,2,2,1,1,1,1,1,2,2,0,0,0,0,0,1
1268,3,3,2,1.33333333333333,1,2,1,3,3,0,0,0,0,0,1.33333333333333
1269,2,2,1,1,1,1,1,2,2,0,0,0,0,0,1
1270,2,2,1,1,1,1,1,2,2,0,0,0,0,0,1
1271,2,2,1,1,1,1,1,2,2,0,0,0,0,0,1
1272,2,2,1,1,1,1,1,2,2,0,0,0,0,0,1
1273,2,2,1,1,1,1,1,2,2,0,0,0,0,0,1
1274,2,2,1,1,1,1,1,2,2,0,0,0,0,0,1
1275,2,2,1,1,1,1,1,2,2,0,0,0,0,0,1
1276,2,2,1,1,1,1,1,2,2,0,0,0,0,0,1
1277,4,4,3,1.5,1.5,2,1,4,4,0,0,0,0,0,1.5
1278,3,3,2,1.33333333333333,1,2,1,3,3,0,0,0,0,0,1.33333333333333
1279,3,3,2,1.33333333333333,1,2,1,3,3,0,0,0,0,0,1.33333333333333
1280,3,3,2,1.33333333333333,1,2,1,3,3,0,0,0,0,0,1.33333333333333
1281,2,2,1,1,1,1,1,2,2,0,0,0,0,0,1
1282,2,2,1,1,1,1,1,2,2,0,0,0,0,0,1
1283,2,2,1,1,1,1,1,2,2,0,0,0,0,0,1
1284,2,2,1,1,1,1,1,2,2,0,0,0,0,0,1
1285,4,4,3,1.5,1.5,2,1,4,4,0,0,0,0,0,1.5
1286,3,3,2,1.33333333333333,1,2,1,3,3,0,0,0,0,0,1.33333333333333
1287,3,3,2,1.33333333333333,1,2,1,3,3,0,0,0,0,0,1.33333333333333
1288,4,4,3,1.5,1.5,2,1,4,4,0,0,0,0,0,1.5
1289,3,3,2,1.33333333333333,1,2,1,3,3,0,0,0,0,0,1.33333333333333
1290,3,3,2,1.33333333333333,1,2,1,3,3,0,0,0,0,0,1.33333333333333
1291,3,3,2,1.33333333333333,1,2,1,3,3,0,0,0,0,0,1.33333333333333
1292,2,2,1,1,1,1,1,2,2,0,0,0,0,0,1
1293,3,3,2,1.33333333333333,1,2,1,3,3,0,0,0,0,0,1.33333333333333
1294,2,2,1,1,1,1,1,2,2,0,0,0,0,0,1
1295,2,2,1,1,1,1,1,2,2,0,0,0,0,0,1
1296,2,2,1,1,1,1,1,2,2,0,0,0,0,0,1
1297,4,4,3,1.5,1.5,2,1,4,4,0,0,0,0,0,1.5
1298,3,3,2,1.33333333333333,1,2,1,3,3,0,0,0,0,0,1.33333333333333
1299,3,3,2,1.33333333333333,1,2,1,3,3,0,0,0,0,0,1.33333333333333
1300,2,2,1,1,1,1,1,2,2,0,0,0,0,0,1
1301,2,2,1,1,1,1,1,2,2,0,0,0,0,0,1
1302,2,2,1,1,1,1,1,2,2,0,0,0,0,0,1
1303,2,2,1,1,1,1,1,2,2,0,0,0,0,0,1
1304,2,2,1,1,1,1,1,2,2,0,0,0,0,0,1
1305,3,3,2,1.33333333333333,1,2,1,2,2,0,0,0,0,0,1.33333333333333
1306,2,2,1,1,1,1,1,3,3,0,0,0,0,0,1
1307,2,2,1,1,1,1,1,2,2,0,0,0,0,0,1
1308,3,3,2,1.33333333333333,1,2,1,2,2,0,0,0,0,0,1.33333333333333
1309,2,2,1,1,1,1,1,3,3,0,0,0,0,0,1
1310,2,2,1,1,1,1,1,2,2,0,0,0,0,0,1
1311,3,3,2,1.33333333333333,1,2,1,2,2,0,0,0,0,0,1.33333333333333
1312,2,2,1,1,1,1,1,3,3,0,0,0,0,0,1
1313,2,2,1,1,1,1,1,2,2,0,0,0,0,0,1
1314,2,2,1,1,1,1,1,2,2,0,0,0,0,0,1
1315,4,4,3,1.5,1.5,2,1,4,4,0,0,0,0,0,1.5
1316,5,5,4,1.6,2,2,1,5,5,0,0,0,0,0,1.6
1317,3,3,2,1.33333333333333,1,2,1,3,3,0,0,0,0,0,1.33333333333333
1318,3,3,2,1.33333333333333,1,2,1,3,3,0,0,0,0,0,1.33333333333333
1319,2,2,1,1,1,1,1,2,2,0,0,0,0,0,1
1320,2,2,1,1,1,1,1,2,2,0,0,0,0,0,1
1321,2,2,1,1,1,1,1,2,2,0,0,0,0,0,1
1322,2,2,1,1,1,1,1,2,2,0,0,0,0,0,1
1323,2,2,1,1,1,1,1,2,2,0,0,0,0,0,1
1324,2,2,1,1,1,1,1,2,2,0,0,0,0,0,1
1325,2,2,1,1,1,1,1,2,2,0,0,0,0,0,1
1326,2,2,1,1,1,1,1,2,2,0,0,0,0,0,1
1327,2,2,1,1,1,1,1,2,2,0,0,0,0,0,1
1328,2,2,1,1,1,1,1,2,2,0,0,0,0,0,1
1329,2,2,1,1,1,1,1,2,2,0,0,0,0,0,1
1330,2,2,1,1,1,1,1,2,2,0,0,0,0,0,1
1331,4,4,3,1.5,1.5,2,1,4,4,0,0,0,0,0,1.5
1332,3,3,2,1.33333333333333,1,2,1,3,3,0,0,0,0,0,1.33333333333333
1333,2,2,1,1,1,1,1,2,2,0,0,0,0,0,1
1334,2,2,1,1,1,1,1,2,2,0,0,0,0,0,1
1335,2,2,1,1,1,1,1,2,2,0,0,0,0,0,1
1336,2,2,1,1,1,1,1,2,2,0,0,0,0,0,1
1337,2,2,1,1,1,1,1,2,2,0,0,0,0,0,1
1338,2,2,1,1,1,1,1,2,2,0,0,0,0,0,1
1339,2,2,1,1,1,1,1,2,2,0,0,0,0,0,1
1340,7,7,6,1.71428571428571,2,2,1,7,7,0,0,0,0,0,1.71428571428571
1341,3,3,2,1.33333333333333,1,2,1,3,3,0,0,0,0,0,1.33333333333333
1342,9,9,8,1.77777777777778,2,4,1,9,9,0,0,0,0,0,1.77777777777778
1343,3,3,2,1.33333333333333,1,2,1,3,3,0,0,0,0,0,1.33333333333333
1344,3,3,2,1.33333333333333,1,2,1,3,3,0,0,0,0,0,1.33333333333333
1345,3,3,2,1.33333333333333,1,2,1,3,3,0,0,0,0,0,1.33333333333333
1346,3,3,2,1.33333333333333,1,2,1,3,3,0,0,0,0,0,1.33333333333333
1347,3,3,2,1.33333333333333,1,2,1,3,3,0,0,0,0,0,1.33333333333333
1348,3,3,2,1.33333333333333,1,2,1,3,3,0,0,0,0,0,1.33333333333333
1349,3,3,2,1.33333333333333,1,2,1,3,3,0,0,0,0,0,1.33333333333333
1350,3,3,2,1.33333333333333,1,2,1,3,3,0,0,0,0,0,1.33333333333333
1351,3,3,2,1.33333333333333,1,2,1,3,3,0,0,0,0,0,1.33333333333333
1352,3,3,2,1.33333333333333,1,2,1,3,3,0,0,0,0,0,1.33333333333333
1353,3,3,2,1.33333333333333,1,2,1,3,3,0,0,0,0,0,1.33333333333333
1354,3,3,2,1.33333333333333,1,2,1,3,3,0,0,0,0,0,1.33333333333333
1355,2,2,1,1,1,1,1,2,2,0,0,0,0,0,1
1356,2,2,1,1,1,1,1,2,2,0,0,0,0,0,1
1357,3,3,2,1.33333333333333,1,2,1,3,3,0,0,0,0,0,1.33333333333333
1358,2,2,1,1,1,1,1,2,2,0,0,0,0,0,1
1359,2,2,1,1,1,1,1,2,2,0,0,0,0,0,1
1360,2,2,1,1,1,1,1,2,2,0,0,0,0,0,1
1361,2,2,1,1,1,1,1,2,2,0,0,0,0,0,1
1362,2,2,1,1,1,1,1,2,2,0,0,0,0,0,1
1363,2,2,1,1,1,1,1,2,2,0,0,0,0,0,1
1364,3,3,2,1.33333333333333,1,2,1,3,3,0,0,0,0,0,1.33333333333333
1365,2,2,1,1,1,1,1,2,2,0,0,0,0,0,1
1366,2,2,1,1,1,1,1,2,2,0,0,0,0,0,1
1367,2,2,1,1,1,1,1,2,2,0,0,0,0,0,1
1368,2,2,1,1,1,1,1,2,2,0,0,0,0,0,1
1369,2,2,1,1,1,1,1,2,2,0,0,0,0,0,1
1370,2,2,1,1,1,1,1,2,2,0,0,0,0,0,1
1371,2,2,1,1,1,1,1,2,2,0,0,0,0,0,1
1372,2,2,1,1,1,1,1,2,2,0,0,0,0,0,1
1373,2,2,1,1,1,1,1,2,2,0,0,0,0,0,1
1374,2,2,1,1,1,1,1,2,2,0,0,0,0,0,1
1375,2,2,1,1,1,1,1,2,2,0,0,0,0,0,1
1376,2,2,1,1,1,1,1,2,2,0,0,0,0,0,1
1377,2,2,1,1,1,1,1,2,2,0,0,0,0,0,1
1378,2,2,1,1,1,1,1,2,2,0,0,0,0,0,1
1379,2,2,1,1,1,1,1,2,2,0,0,0,0,0,1
1380,2,2,1,1,1,1,1,2,2,0,0,0,0,0,1
1381,2,2,1,1,1,1,1,2,2,0,0,0,0,0,1
1382,2,2,1,1,1,1,1,2,2,0,0,0,0,0,1
1383,2,2,1,1,1,1,1,2,2,0,0,0,0,0,1
1384,2,2,1,1,1,1,1,3,3,0,0,0,0,0,1
1385,3,3,2,1.33333333333333,1,2,1,2,2,0,0,0,0,0,1.33333333333333
1386,2,2,1,1,1,1,1,2,2,0,0,0,0,0,1
1387,2,2,1,1,1,1,1,2,2,0,0,0,0,0,1
1388,4,4,3,1.5,1.5,2,1,4,4,0,0,0,0,0,1.5
1389,3,3,2,1.33333333333333,1,2,1,3,3,0,0,0,0,0,1.33333333333333
1390,3,3,2,1.33333333333333,1,2,1,3,3,0,0,0,0,0,1.33333333333333
1391,3,3,2,1.33333333333333,1,2,1,3,3,0,0,0,0,0,1.33333333333333
1392,3,3,2,1.33333333333333,1,2,1,3,3,0,0,0,0,0,1.33333333333333
1393,3,3,2,1.33333333333333,1,2,1,3,3,0,0,0,0,0,1.33333333333333
1394,3,3,2,1.33333333333333,1,2,1,3,3,0,0,0,0,0,1.33333333333333
1395,3,3,2,1.33333333333333,1,2,1,3,3,0,0,0,0,0,1.33333333333333
1396,3,3,2,1.33333333333333,1,2,1,3,3,0,0,0,0,0,1.33333333333333
1397,3,3,2,1.33333333333333,1,2,1,3,3,0,0,0,0,0,1.33333333333333
1398,3,3,2,1.33333333333333,1,2,1,3,3,0,0,0,0,0,1.33333333333333
1399,3,3,2,1.33333333333333,1,2,1,3,3,0,0,0,0,0,1.33333333333333
1400,3,3,2,1.33333333333333,1,2,1,3,3,0,0,0,0,0,1.33333333333333
1401,3,3,2,1.33333333333333,1,2,1,3,3,0,0,0,0,0,1.33333333333333
1402,3,3,2,1.33333333333333,1,2,1,3,3,0,0,0,0,0,1.33333333333333
1403,3,3,2,1.33333333333333,1,2,1,3,3,0,0,0,0,0,1.33333333333333
1404,3,3,2,1.33333333333333,1,2,1,3,3,0,0,0,0,0,1.33333333333333
1405,2,2,1,1,1,1,1,2,2,0,0,0,0,0,1
1406,2,2,1,1,1,1,1,3,3,0,0,0,0,0,1
1407,3,3,2,1.33333333333333,1,2,1,2,2,0,0,0,0,0,1.33333333333333
1408,2,2,1,1,1,1,1,2,2,0,0,0,0,0,1
1409,2,2,1,1,1,1,1,2,2,0,0,0,0,0,1
1410,2,2,1,1,1,1,1,2,2,0,0,0,0,0,1
1411,2,2,1,1,1,1,1,2,2,0,0,0,0,0,1
1412,3,3,2,1.33333333333333,1,2,1,3,3,0,0,0,0,0,1.33333333333333
1413,2,2,1,1,1,1,1,4,4,0,0,0,0,0,1
1414,3,3,2,1.33333333333333,1,2,1,3,3,0,0,0,0,0,1.33333333333333
1415,4,4,3,1.5,1.5,2,1,2,2,0,0,0,0,0,1.5
1416,2,2,1,1,1,1,1,2,2,0,0,0,0,0,1
1417,2,2,1,1,1,1,1,2,2,0,0,0,0,0,1
1418,4,4,3,1.5,1.5,2,1,4,4,0,0,0,0,0,1.5
1419,3,3,2,1.33333333333333,1,2,1,3,3,0,0,0,0,0,1.33333333333333
1420,3,3,2,1.33333333333333,1,2,1,3,3,0,0,0,0,0,1.33333333333333
1421,5,5,4,1.6,2,2,1,5,5,0,0,0,0,0,1.6
1422,3,3,2,1.33333333333333,1,2,1,3,3,0,0,0,0,0,1.33333333333333
1423,3,3,2,1.33333333333333,1,2,1,3,3,0,0,0,0,0,1.33333333333333
1424,3,3,2,1.33333333333333,1,2,1,3,3,0,0,0,0,0,1.33333333333333
1425,3,3,2,1.33333333333333,1,2,1,3,3,0,0,0,0,0,1.33333333333333
1426,3,3,2,1.33333333333333,1,2,1,3,3,0,0,0,0,0,1.33333333333333
1427,2,2,1,1,1,1,1,2,2,0,0,0,0,0,1
1428,2,2,1,1,1,1,1,2,2,0,0,0,0,0,1
1429,2,2,1,1,1,1,1,2,2,0,0,0,0,0,1
1430,2,2,1,1,1,1,1,2,2,0,0,0,0,0,1
1431,2,2,1,1,1,1,1,2,2,0,0,0,0,0,1
1432,2,2,1,1,1,1,1,2,2,0,0,0,0,0,1
1433,2,2,1,1,1,1,1,2,2,0,0,0,0,0,1
1434,4,4,3,1.5,1.5,2,1,4,4,0,0,0,0,0,1.5
1435,3,3,2,1.33333333333333,1,2,1,3,3,0,0,0,0,0,1.33333333333333
1436,2,2,1,1,1,1,1,2,2,0,0,0,0,0,1
1437,2,2,1,1,1,1,1,2,2,0,0,0,0,0,1
1438,2,2,1,1,1,1,1,2,2,0,0,0,0,0,1
1439,3,3,2,1.33333333333333,1,2,1,3,3,0,0,0,0,0,1.33333333333333
1440,2,2,1,1,1,1,1,2,2,0,0,0,0,0,1
1441,2,2,1,1,1,1,1,2,2,0,0,0,0,0,1
1442,2,2,1,1,1,1,1,2,2,0,0,0,0,0,1
1443,2,2,1,1,1,1,1,2,2,0,0,0,0,0,1
1444,4,4,3,1.5,1.5,2,1,4,4,0,0,0,0,0,1.5
1445,3,3,2,1.33333333333333,1,2,1,3,3,0,0,0,0,0,1.33333333333333
1446,3,3,2,1.33333333333333,1,2,1,3,3,0,0,0,0,0,1.33333333333333
1447,2,2,1,1,1,1,1,2,2,0,0,0,0,0,1
1448,2,2,1,1,1,1,1,3,3,0,0,0,0,0,1
1449,3,3,2,1.33333333333333,1,2,1,2,2,0,0,0,0,0,1.33333333333333
1450,2,2,1,1,1,1,1,2,2,0,0,0,0,0,1
1451,2,2,1,1,1,1,1,2,2,0,0,0,0,0,1
1452,4,4,3,1.5,1.5,2,1,4,4,0,0,0,0,0,1.5
1453,3,3,2,1.33333333333333,1,2,1,3,3,0,0,0,0,0,1.33333333333333
1454,3,3,2,1.33333333333333,1,2,1,3,3,0,0,0,0,0,1.33333333333333
1455,2,2,1,1,1,1,1,2,2,0,0,0,0,0,1
1456,3,3,2,1.33333333333333,1,2,1,2,2,0,0,0,0,0,1.33333333333333
1457,2,2,1,1,1,1,1,3,3,0,0,0,0,0,1
1458,2,2,1,1,1,1,1,2,2,0,0,0,0,0,1
1459,2,2,1,1,1,1,1,2,2,0,0,0,0,0,1
1460,2,2,1,1,1,1,1,2,2,0,0,0,0,0,1
1461,2,2,1,1,1,1,1,2,2,0,0,0,0,0,1
1462,2,2,1,1,1,1,1,2,2,0,0,0,0,0,1
1463,2,2,1,1,1,1,1,2,2,0,0,0,0,0,1
1464,2,2,1,1,1,1,1,2,2,0,0,0,0,0,1
1465,2,2,1,1,1,1,1,2,2,0,0,0,0,0,1
1466,2,2,1,1,1,1,1,2,2,0,0,0,0,0,1
1467,2,2,1,1,1,1,1,2,2,0,0,0,0,0,1
1468,2,2,1,1,1,1,1,2,2,0,0,0,0,0,1
1469,2,2,1,1,1,1,1,2,2,0,0,0,0,0,1
1470,2,2,1,1,1,1,1,2,2,0,0,0,0,0,1
1471,2,2,1,1,1,1,1,2,2,0,0,0,0,0,1
1472,2,2,1,1,1,1,1,2,2,0,0,0,0,0,1
1473,2,2,1,1,1,1,1,2,2,0,0,0,0,0,1
1474,2,2,1,1,1,1,1,2,2,0,0,0,0,0,1
1475,2,2,1,1,1,1,1,2,2,0,0,0,0,0,1
1476,2,2,1,1,1,1,1,2,2,0,0,0,0,0,1
1477,2,2,1,1,1,1,1,2,2,0,0,0,0,0,1
1478,2,2,1,1,1,1,1,2,2,0,0,0,0,0,1
1479,2,2,1,1,1,1,1,2,2,0,0,0,0,0,1
1480,2,2,1,1,1,1,1,2,2,0,0,0,0,0,1
1481,2,2,1,1,1,1,1,2,2,0,0,0,0,0,1
1482,2,2,1,1,1,1,1,2,2,0,0,0,0,0,1
1483,2,2,1,1,1,1,1,2,2,0,0,0,0,0,1
1484,2,2,1,1,1,1,1,2,2,0,0,0,0,0,1
1485,2,2,1,1,1,1,1,2,2,0,0,0,0,0,1
1486,3,3,2,1.33333333333333,1,2,1,3,3,0,0,0,0,0,1.33333333333333
1487,2,2,1,1,1,1,1,2,2,0,0,0,0,0,1
1488,2,2,1,1,1,1,1,2,2,0,0,0,0,0,1
1489,2,2,1,1,1,1,1,2,2,0,0,0,0,0,1
1490,2,2,1,1,1,1,1,2,2,0,0,0,0,0,1
1491,3,3,2,1.33333333333333,1,2,1,3,3,0,0,0,0,0,1.33333333333333
1492,2,2,1,1,1,1,1,2,2,0,0,0,0,0,1
1493,2,2,1,1,1,1,1,2,2,0,0,0,0,0,1
1494,2,2,1,1,1,1,1,2,2,0,0,0,0,0,1
1495,2,2,1,1,1,1,1,2,2,0,0,0,0,0,1
1496,2,2,1,1,1,1,1,2,2,0,0,0,0,0,1
1497,2,2,1,1,1,1,1,2,2,0,0,0,0,0,1
1498,2,2,1,1,1,1,1,2,2,0,0,0,0,0,1
1499,2,2,1,1,1,1,1,2,2,0,0,0,0,0,1
1500,2,2,1,1,1,1,1,2,2,0,0,0,0,0,1
1501,2,2,1,1,1,1,1,3,3,0,0,0,0,0,1
1502,3,3,2,1.33333333333333,1,2,1,2,2,0,0,0,0,0,1.33333333333333
1503,2,2,1,1,1,1,1,2,2,0,0,0,0,0,1
1504,2,2,1,1,1,1,1,3,3,0,0,0,0,0,1
1505,3,3,2,1.33333333333333,1,2,1,2,2,0,0,0,0,0,1.33333333333333
1506,2,2,1,1,1,1,1,2,2,0,0,0,0,0,1
1507,2,2,1,1,1,1,1,2,2,0,0,0,0,0,1
1508,2,2,1,1,1,1,1,2,2,0,0,0,0,0,1
1509,2,2,1,1,1,1,1,2,2,0,0,0,0,0,1
1510,2,2,1,1,1,1,1,2,2,0,0,0,0,0,1
1511,3,3,2,1.33333333333333,1,2,1,3,3,0,0,0,0,0,1.33333333333333
1512,2,2,1,1,1,1,1,2,2,0,0,0,0,0,1
1513,2,2,1,1,1,1,1,2,2,0,0,0,0,0,1
1514,2,2,1,1,1,1,1,2,2,0,0,0,0,0,1
1515,3,3,2,1.33333333333333,1,2,1,2,2,0,0,0,0,0,1.33333333333333
1516,2,2,1,1,1,1,1,3,3,0,0,0,0,0,1
1517,2,2,1,1,1,1,1,2,2,0,0,0,0,0,1
1518,2,2,1,1,1,1,1,3,3,0,0,0,0,0,1
1519,3,3,2,1.33333333333333,1,2,1,2,2,0,0,0,0,0,1.33333333333333
1520,4,4,3,1.5,1.5,2,1,4,4,0,0,0,0,0,1.5
1521,3,3,2,1.33333333333333,1,2,1,3,3,0,0,0,0,0,1.33333333333333
1522,3,3,2,1.33333333333333,1,2,1,3,3,0,0,0,0,0,1.33333333333333
1523,2,2,1,1,1,1,1,2,2,0,0,0,0,0,1
1524,2,2,1,1,1,1,1,2,2,0,0,0,0,0,1
1525,2,2,1,1,1,1,1,2,2,0,0,0,0,0,1
1526,2,2,1,1,1,1,1,2,2,0,0,0,0,0,1
1527,2,2,1,1,1,1,1,2,2,0,0,0,0,0,1
1528,2,2,1,1,1,1,1,2,2,0,0,0,0,0,1
1529,2,2,1,1,1,1,1,2,2,0,0,0,0,0,1
1530,2,2,1,1,1,1,1,3,3,0,0,0,0,0,1
1531,3,3,2,1.33333333333333,1,2,1,2,2,0,0,0,0,0,1.33333333333333
1532,2,2,1,1,1,1,1,2,2,0,0,0,0,0,1
1533,2,2,1,1,1,1,1,2,2,0,0,0,0,0,1
1534,2,2,1,1,1,1,1,2,2,0,0,0,0,0,1
1535,2,2,1,1,1,1,1,2,2,0,0,0,0,0,1
1536,2,2,1,1,1,1,1,2,2,0,0,0,0,0,1
1537,2,2,1,1,1,1,1,2,2,0,0,0,0,0,1
1538,4,4,3,1.5,1.5,2,1,4,4,0,0,0,0,0,1.5
1539,3,3,2,1.33333333333333,1,2,1,3,3,0,0,0,0,0,1.33333333333333
1540,3,3,2,1.33333333333333,1,2,1,3,3,0,0,0,0,0,1.33333333333333
1541,2,2,1,1,1,1,1,2,2,0,0,0,0,0,1
1542,2,2,1,1,1,1,1,2,2,0,0,0,0,0,1
1543,4,4,3,1.5,1.5,2,1,4,4,0,0,0,0,0,1.5
1544,3,3,2,1.33333333333333,1,2,1,3,3,0,0,0,0,0,1.33333333333333
1545,3,3,2,1.33333333333333,1,2,1,3,3,0,0,0,0,0,1.33333333333333
1546,2,2,1,1,1,1,1,2,2,0,0,0,0,0,1
1547,2,2,1,1,1,1,1,2,2,0,0,0,0,0,1
1548,2,2,1,1,1,1,1,2,2,0,0,0,0,0,1
1549,2,2,1,1,1,1,1,2,2,0,0,0,0,0,1
1550,2,2,1,1,1,1,1,2,2,0,0,0,0,0,1
1551,2,2,1,1,1,1,1,2,2,0,0,0,0,0,1
1552,2,2,1,1,1,1,1,2,2,0,0,0,0,0,1
1553,2,2,1,1,1,1,1,2,2,0,0,0,0,0,1
1554,2,2,1,1,1,1,1,2,2,0,0,0,0,0,1
1555,2,2,1,1,1,1,1,2,2,0,0,0,0,0,1
1556,2,2,1,1,1,1,1,2,2,0,0,0,0,0,1
1557,2,2,1,1,1,1,1,2,2,0,0,0,0,0,1
1558,2,2,1,1,1,1,1,2,2,0,0,0,0,0,1
1559,2,2,1,1,1,1,1,2,2,0,0,0,0,0,1
1560,2,2,1,1,1,1,1,2,2,0,0,0,0,0,1
1561,2,2,1,1,1,1,1,2,2,0,0,0,0,0,1
1562,2,2,1,1,1,1,1,2,2,0,0,0,0,0,1
1563,2,2,1,1,1,1,1,2,2,0,0,0,0,0,1
1564,2,2,1,1,1,1,1,2,2,0,0,0,0,0,1
1565,2,2,1,1,1,1,1,2,2,0,0,0,0,0,1
1566,2,2,1,1,1,1,1,2,2,0,0,0,0,0,1
1567,2,2,1,1,1,1,1,2,2,0,0,0,0,0,1
1568,2,2,1,1,1,1,1,2,2,0,0,0,0,0,1
1569,2,2,1,1,1,1,1,2,2,0,0,0,0,0,1
1570,2,2,1,1,1,1,1,2,2,0,0,0,0,0,1
1571,3,3,2,1.33333333333333,1,2,1,3,3,0,0,0,0,0,1.33333333333333
1572,2,2,1,1,1,1,1,2,2,0,0,0,0,0,1
1573,2,2,1,1,1,1,1,2,2,0,0,0,0,0,1
1574,3,3,2,1.33333333333333,1,2,1,3,3,0,0,0,0,0,1.33333333333333
1575,2,2,1,1,1,1,1,2,2,0,0,0,0,0,1
1576,2,2,1,1,1,1,1,2,2,0,0,0,0,0,1
1577,2,2,1,1,1,1,1,2,2,0,0,0,0,0,1
1578,2,2,1,1,1,1,1,2,2,0,0,0,0,0,1
1579,2,2,1,1,1,1,1,2,2,0,0,0,0,0,1
1580,4,4,3,1.5,1.5,2,1,4,4,0,0,0,0,0,1.5
1581,3,3,2,1.33333333333333,1,2,1,3,3,0,0,0,0,0,1.33333333333333
1582,3,3,2,1.33333333333333,1,2,1,3,3,0,0,0,0,0,1.33333333333333
1583,2,2,1,1,1,1,1,2,2,0,0,0,0,0,1
1584,2,2,1,1,1,1,1,2,2,0,0,0,0,0,1
1585,2,2,1,1,1,1,1,2,2,0,0,0,0,0,1
1586,2,2,1,1,1,1,1,2,2,0,0,0,0,0,1
1587,4,4,3,1.5,1.5,2,1,4,4,0,0,0,0,0,1.5
1588,3,3,2,1.33333333333333,1,2,1,3,3,0,0,0,0,0,1.33333333333333
1589,3,3,2,1.33333333333333,1,2,1,3,3,0,0,0,0,0,1.33333333333333
1590,4,4,3,1.5,1.5,2,1,4,4,0,0,0,0,0,1.5
1591,3,3,2,1.33333333333333,1,2,1,3,3,0,0,0,0,0,1.33333333333333
1592,3,3,2,1.33333333333333,1,2,1,3,3,0,0,0,0,0,1.33333333333333
1593,2,2,1,1,1,1,1,2,2,0,0,0,0,0,1
1594,2,2,1,1,1,1,1,2,2,0,0,0,0,0,1
1595,2,2,1,1,1,1,1,2,2,0,0,0,0,0,1
1596,2,2,1,1,1,1,1,2,2,0,0,0,0,0,1
1597,2,2,1,1,1,1,1,2,2,0,0,0,0,0,1
1598,2,2,1,1,1,1,1,2,2,0,0,0,0,0,1
1599,4,4,3,1.5,1.5,2,1,4,4,0,0,0,0,0,1.5
1600,3,3,2,1.33333333333333,1,2,1,3,3,0,0,0,0,0,1.33333333333333
1601,2,2,1,1,1,1,1,2,2,0,0,0,0,0,1
1602,2,2,1,1,1,1,1,2,2,0,0,0,0,0,1
1603,2,2,1,1,1,1,1,2,2,0,0,0,0,0,1
1604,2,2,1,1,1,1,1,2,2,0,0,0,0,0,1
1605,2,2,1,1,1,1,1,2,2,0,0,0,0,0,1
1606,2,2,1,1,1,1,1,2,2,0,0,0,0,0,1
1607,2,2,1,1,1,1,1,2,2,0,0,0,0,0,1
1608,2,2,1,1,1,1,1,2,2,0,0,0,0,0,1
1609,2,2,1,1,1,1,1,2,2,0,0,0,0,0,1
1610,2,2,1,1,1,1,1,2,2,0,0,0,0,0,1
1611,2,2,1,1,1,1,1,2,2,0,0,0,0,0,1
1612,2,2,1,1,1,1,1,2,2,0,0,0,0,0,1
1613,2,2,1,1,1,1,1,2,2,0,0,0,0,0,1
1614,4,4,3,1.5,1.5,2,1,4,4,0,0,0,0,0,1.5
1615,3,3,2,1.33333333333333,1,2,1,3,3,0,0,0,0,0,1.33333333333333
1616,3,3,2,1.33333333333333,1,2,1,3,3,0,0,0,0,0,1.33333333333333
1617,3,3,2,1.33333333333333,1,2,1,3,3,0,0,0,0,0,1.33333333333333
1618,3,3,2,1.33333333333333,1,2,1,3,3,0,0,0,0,0,1.33333333333333
1619,2,2,1,1,1,1,1,2,2,0,0,0,0,0,1
1620,2,2,1,1,1,1,1,2,2,0,0,0,0,0,1
1621,2,2,1,1,1,1,1,2,2,0,0,0,0,0,1
1622,2,2,1,1,1,1,1,2,2,0,0,0,0,0,1
1623,2,2,1,1,1,1,1,2,2,0,0,0,0,0,1
1624,2,2,1,1,1,1,1,2,2,0,0,0,0,0,1
1625,2,2,1,1,1,1,1,2,2,0,0,0,0,0,1
1626,2,2,1,1,1,1,1,2,2,0,0,0,0,0,1
1627,3,3,2,1.33333333333333,1,2,1,3,3,0,0,0,0,0,1.33333333333333
1628,2,2,1,1,1,1,1,2,2,0,0,0,0,0,1
1629,2,2,1,1,1,1,1,2,2,0,0,0,0,0,1
1630,2,2,1,1,1,1,1,2,2,0,0,0,0,0,1
1631,2,2,1,1,1,1,1,2,2,0,0,0,0,0,1
1632,2,2,1,1,1,1,1,2,2,0,0,0,0,0,1
1633,2,2,1,1,1,1,1,2,2,0,0,0,0,0,1
1634,2,2,1,1,1,1,1,2,2,0,0,0,0,0,1
1635,2,2,1,1,1,1,1,2,2,0,0,0,0,0,1
1636,2,2,1,1,1,1,1,2,2,0,0,0,0,0,1
1637,2,2,1,1,1,1,1,2,2,0,0,0,0,0,1
1638,2,2,1,1,1,1,1,2,2,0,0,0,0,0,1
1639,2,2,1,1,1,1,1,2,2,0,0,0,0,0,1
1640,2,2,1,1,1,1,1,2,2,0,0,0,0,0,1
1641,2,2,1,1,1,1,1,2,2,0,0,0,0,0,1
1642,2,2,1,1,1,1,1,2,2,0,0,0,0,0,1
1643,2,2,1,1,1,1,1,2,2,0,0,0,0,0,1
1644,2,2,1,1,1,1,1,2,2,0,0,0,0,0,1
1645,2,2,1,1,1,1,1,2,2,0,0,0,0,0,1
1646,3,3,2,1.33333333333333,1,2,1,3,3,0,0,0,0,0,1.33333333333333
1647,2,2,1,1,1,1,1,2,2,0,0,0,0,0,1
1648,2,2,1,1,1,1,1,2,2,0,0,0,0,0,1
1649,2,2,1,1,1,1,1,2,2,0,0,0,0,0,1
1650,2,2,1,1,1,1,1,2,2,0,0,0,0,0,1
1651,2,2,1,1,1,1,1,2,2,0,0,0,0,0,1
1652,2,2,1,1,1,1,1,2,2,0,0,0,0,0,1
1653,3,3,2,1.33333333333333,1,2,1,3,3,0,0,0,0,0,1.33333333333333
1654,2,2,1,1,1,1,1,2,2,0,0,0,0,0,1
1655,2,2,1,1,1,1,1,2,2,0,0,0,0,0,1
1656,2,2,1,1,1,1,1,2,2,0,0,0,0,0,1
1657,2,2,1,1,1,1,1,2,2,0,0,0,0,0,1
1658,2,2,1,1,1,1,1,2,2,0,0,0,0,0,1
1659,2,2,1,1,1,1,1,2,2,0,0,0,0,0,1
1660,2,2,1,1,1,1,1,2,2,0,0,0,0,0,1
1661,2,2,1,1,1,1,1,2,2,0,0,0,0,0,1
1662,13,13,12,1.84615384615385,2,4,1,13,13,0,0,0,0,0,1.84615384615385
1663,3,3,2,1.33333333333333,1,2,1,3,3,0,0,0,0,0,1.33333333333333
1664,5,5,4,1.6,2,2,1,5,5,0,0,0,0,0,1.6
1665,3,3,2,1.33333333333333,1,2,1,3,3,0,0,0,0,0,1.33333333333333
1666,3,3,2,1.33333333333333,1,2,1,3,3,0,0,0,0,0,1.33333333333333
1667,3,3,2,1.33333333333333,1,2,1,3,3,0,0,0,0,0,1.33333333333333
1668,3,3,2,1.33333333333333,1,2,1,3,3,0,0,0,0,0,1.33333333333333
1669,27,27,26,1.92592592592593,2,13,1,27,27,0,0,0,0,0,1.92592592592593
1670,3,3,2,1.33333333333333,1,2,1,3,3,0,0,0,0,0,1.33333333333333
1671,3,3,2,1.33333333333333,1,2,1,3,3,0,0,0,0,0,1.33333333333333
1672,3,3,2,1.33333333333333,1,2,1,3,3,0,0,0,0,0,1.33333333333333
1673,3,3,2,1.33333333333333,1,2,1,3,3,0,0,0,0,0,1.33333333333333
1674,3,3,2,1.33333333333333,1,2,1,3,3,0,0,0,0,0,1.33333333333333
1675,3,3,2,1.33333333333333,1,2,1,3,3,0,0,0,0,0,1.33333333333333
1676,5,5,4,1.6,2,2,1,5,5,0,0,0,0,0,1.6
1677,3,3,2,1.33333333333333,1,2,1,3,3,0,0,0,0,0,1.33333333333333
1678,3,3,2,1.33333333333333,1,2,1,3,3,0,0,0,0,0,1.33333333333333
1679,3,3,2,1.33333333333333,1,2,1,3,3,0,0,0,0,0,1.33333333333333
1680,3,3,2,1.33333333333333,1,2,1,3,3,0,0,0,0,0,1.33333333333333
1681,3,3,2,1.33333333333333,1,2,1,3,3,0,0,0,0,0,1.33333333333333
1682,3,3,2,1.33333333333333,1,2,1,3,3,0,0,0,0,0,1.33333333333333
1683,3,3,2,1.33333333333333,1,2,1,3,3,0,0,0,0,0,1.33333333333333
1684,2,2,1,1,1,1,1,2,2,0,0,0,0,0,1
1685,2,2,1,1,1,1,1,2,2,0,0,0,0,0,1
1686,2,2,1,1,1,1,1,2,2,0,0,0,0,0,1
1687,2,2,1,1,1,1,1,2,2,0,0,0,0,0,1
1688,2,2,1,1,1,1,1,2,2,0,0,0,0,0,1
1689,2,2,1,1,1,1,1,2,2,0,0,0,0,0,1
1690,2,2,1,1,1,1,1,2,2,0,0,0,0,0,1
1691,2,2,1,1,1,1,1,2,2,0,0,0,0,0,1
1692,2,2,1,1,1,1,1,2,2,0,0,0,0,0,1
1693,2,2,1,1,1,1,1,2,2,0,0,0,0,0,1
1694,2,2,1,1,1,1,1,2,2,0,0,0,0,0,1
1695,2,2,1,1,1,1,1,2,2,0,0,0,0,0,1
1696,4,4,3,1.5,1.5,2,1,4,4,0,0,0,0,0,1.5
1697,3,3,2,1.33333333333333,1,2,1,3,3,0,0,0,0,0,1.33333333333333
1698,3,3,2,1.33333333333333,1,2,1,3,3,0,0,0,0,0,1.33333333333333
1699,2,2,1,1,1,1,1,2,2,0,0,0,0,0,1
1700,2,2,1,1,1,1,1,2,2,0,0,0,0,0,1
1701,2,2,1,1,1,1,1,2,2,0,0,0,0,0,1
1702,2,2,1,1,1,1,1,2,2,0,0,0,0,0,1
1703,2,2,1,1,1,1,1,2,2,0,0,0,0,0,1
1704,3,3,2,1.33333333333333,1,2,1,2,2,0,0,0,0,0,1.33333333333333
1705,2,2,1,1,1,1,1,3,3,0,0,0,0,0,1
1706,2,2,1,1,1,1,1,2,2,0,0,0,0,0,1
1707,2,2,1,1,1,1,1,2,2,0,0,0,0,0,1
1708,3,3,2,1.33333333333333,1,2,1,3,3,0,0,0,0,0,1.33333333333333
1709,2,2,1,1,1,1,1,2,2,0,0,0,0,0,1
1710,2,2,1,1,1,1,1,2,2,0,0,0,0,0,1
1711,4,4,3,1.5,1.5,2,1,4,4,0,0,0,0,0,1.5
1712,3,3,2,1.33333333333333,1,2,1,3,3,0,0,0,0,0,1.33333333333333
1713,3,3,2,1.33333333333333,1,2,1,3,3,0,0,0,0,0,1.33333333333333
1714,3,3,2,1.33333333333333,1,2,1,3,3,0,0,0,0,0,1.33333333333333
1715,3,3,2,1.33333333333333,1,2,1,3,3,0,0,0,0,0,1.33333333333333
1716,2,2,1,1,1,1,1,2,2,0,0,0,0,0,1
1717,2,2,1,1,1,1,1,2,2,0,0,0,0,0,1
1718,2,2,1,1,1,1,1,2,2,0,0,0,0,0,1
1719,2,2,1,1,1,1,1,2,2,0,0,0,0,0,1
1720,2,2,1,1,1,1,1,2,2,0,0,0,0,0,1
1721,2,2,1,1,1,1,1,2,2,0,0,0,0,0,1
1722,2,2,1,1,1,1,1,2,2,0,0,0,0,0,1
1723,2,2,1,1,1,1,1,2,2,0,0,0,0,0,1
1724,2,2,1,1,1,1,1,2,2,0,0,0,0,0,1
1725,2,2,1,1,1,1,1,2,2,0,0,0,0,0,1
1726,2,2,1,1,1,1,1,2,2,0,0,0,0,0,1
1727,2,2,1,1,1,1,1,2,2,0,0,0,0,0,1
1728,2,2,1,1,1,1,1,2,2,0,0,0,0,0,1
1729,2,2,1,1,1,1,1,2,2,0,0,0,0,0,1
1730,2,2,1,1,1,1,1,2,2,0,0,0,0,0,1
1731,2,2,1,1,1,1,1,2,2,0,0,0,0,0,1
1732,2,2,1,1,1,1,1,2,2,0,0,0,0,0,1
1733,2,2,1,1,1,1,1,2,2,0,0,0,0,0,1
1734,2,2,1,1,1,1,1,2,2,0,0,0,0,0,1
1735,2,2,1,1,1,1,1,2,2,0,0,0,0,0,1
1736,4,4,3,1.5,1.5,2,1,4,4,0,0,0,0,0,1.5
1737,3,3,2,1.33333333333333,1,2,1,5,5,0,0,0,0,0,1.33333333333333
1738,2,2,1,1,1,1,1,3,3,0,0,0,0,0,1
1739,3,3,2,1.33333333333333,1,2,1,2,2,0,0,0,0,0,1.33333333333333
1740,2,2,1,1,1,1,1,2,2,0,0,0,0,0,1
1741,2,2,1,1,1,1,1,3,3,0,0,0,0,0,1
1742,3,3,2,1.33333333333333,1,2,1,4,4,0,0,0,0,0,1.33333333333333
1743,4,4,3,1.5,1.5,2,1,3,3,0,0,0,0,0,1.5
1744,3,3,2,1.33333333333333,1,2,1,2,2,0,0,0,0,0,1.33333333333333
1745,2,2,1,1,1,1,1,2,2,0,0,0,0,0,1
1746,2,2,1,1,1,1,1,2,2,0,0,0,0,0,1
1747,2,2,1,1,1,1,1,2,2,0,0,0,0,0,1
1748,2,2,1,1,1,1,1,2,2,0,0,0,0,0,1
1749,2,2,1,1,1,1,1,2,2,0,0,0,0,0,1
1750,2,2,1,1,1,1,1,2,2,0,0,0,0,0,1
1751,2,2,1,1,1,1,1,2,2,0,0,0,0,0,1
1752,2,2,1,1,1,1,1,2,2,0,0,0,0,0,1
1753,2,2,1,1,1,1,1,2,2,0,0,0,0,0,1
1754,2,2,1,1,1,1,1,2,2,0,0,0,0,0,1
1755,2,2,1,1,1,1,1,2,2,0,0,0,0,0,1
1756,2,2,1,1,1,1,1,2,2,0,0,0,0,0,1
1757,2,2,1,1,1,1,1,3,3,0,0,0,0,0,1
1758,3,3,2,1.33333333333333,1,2,1,2,2,0,0,0,0,0,1.33333333333333
1759,2,2,1,1,1,1,1,2,2,0,0,0,0,0,1
1760,2,2,1,1,1,1,1,2,2,0,0,0,0,0,1
1761,2,2,1,1,1,1,1,2,2,0,0,0,0,0,1
1762,2,2,1,1,1,1,1,2,2,0,0,0,0,0,1
1763,2,2,1,1,1,1,1,2,2,0,0,0,0,0,1
1764,2,2,1,1,1,1,1,2,2,0,0,0,0,0,1
1765,2,2,1,1,1,1,1,2,2,0,0,0,0,0,1
1766,2,2,1,1,1,1,1,2,2,0,0,0,0,0,1
1767,2,2,1,1,1,1,1,2,2,0,0,0,0,0,1
1768,2,2,1,1,1,1,1,2,2,0,0,0,0,0,1
1769,2,2,1,1,1,1,1,2,2,0,0,0,0,0,1
1770,2,2,1,1,1,1,1,2,2,0,0,0,0,0,1
1771,2,2,1,1,1,1,1,2,2,0,0,0,0,0,1
1772,2,2,1,1,1,1,1,2,2,0,0,0,0,0,1
1773,2,2,1,1,1,1,1,2,2,0,0,0,0,0,1
1774,2,2,1,1,1,1,1,2,2,0,0,0,0,0,1
1775,2,2,1,1,1,1,1,2,2,0,0,0,0,0,1
1776,2,2,1,1,1,1,1,2,2,0,0,0,0,0,1
1777,2,2,1,1,1,1,1,2,2,0,0,0,0,0,1
1778,2,2,1,1,1,1,1,2,2,0,0,0,0,0,1
1779,2,2,1,1,1,1,1,2,2,0,0,0,0,0,1
1780,2,2,1,1,1,1,1,2,2,0,0,0,0,0,1
1781,2,2,1,1,1,1,1,2,2,0,0,0,0,0,1
1782,2,2,1,1,1,1,1,2,2,0,0,0,0,0,1
1783,2,2,1,1,1,1,1,4,4,0,0,0,0,0,1
1784,4,4,3,1.5,1.5,2,1,3,3,0,0,0,0,0,1.5
1785,3,3,2,1.33333333333333,1,2,1,3,3,0,0,0,0,0,1.33333333333333
1786,3,3,2,1.33333333333333,1,2,1,2,2,0,0,0,0,0,1.33333333333333
1787,2,2,1,1,1,1,1,2,2,0,0,0,0,0,1
1788,2,2,1,1,1,1,1,2,2,0,0,0,0,0,1
1789,2,2,1,1,1,1,1,2,2,0,0,0,0,0,1
1790,2,2,1,1,1,1,1,2,2,0,0,0,0,0,1
1791,2,2,1,1,1,1,1,2,2,0,0,0,0,0,1
1792,2,2,1,1,1,1,1,2,2,0,0,0,0,0,1
1793,2,2,1,1,1,1,1,2,2,0,0,0,0,0,1
1794,2,2,1,1,1,1,1,4,4,0,0,0,0,0,1
1795,4,4,3,1.5,1.5,2,1,3,3,0,0,0,0,0,1.5
1796,3,3,2,1.33333333333333,1,2,1,3,3,0,0,0,0,0,1.33333333333333
1797,3,3,2,1.33333333333333,1,2,1,3,3,0,0,0,0,0,1.33333333333333
1798,3,3,2,1.33333333333333,1,2,1,2,2,0,0,0,0,0,1.33333333333333
1799,2,2,1,1,1,1,1,2,2,0,0,0,0,0,1
1800,2,2,1,1,1,1,1,4,4,0,0,0,0,0,1
1801,4,4,3,1.5,1.5,2,1,3,3,0,0,0,0,0,1.5
1802,3,3,2,1.33333333333333,1,2,1,3,3,0,0,0,0,0,1.33333333333333
1803,3,3,2,1.33333333333333,1,2,1,2,2,0,0,0,0,0,1.33333333333333
1804,2,2,1,1,1,1,1,2,2,0,0,0,0,0,1
1805,2,2,1,1,1,1,1,2,2,0,0,0,0,0,1
1806,2,2,1,1,1,1,1,2,2,0,0,0,0,0,1
1807,2,2,1,1,1,1,1,2,2,0,0,0,0,0,1
1808,2,2,1,1,1,1,1,2,2,0,0,0,0,0,1
1809,2,2,1,1,1,1,1,4,4,0,0,0,0,0,1
1810,4,4,3,1.5,1.5,2,1,3,3,0,0,0,0,0,1.5
1811,3,3,2,1.33333333333333,1,2,1,3,3,0,0,0,0,0,1.33333333333333
1812,3,3,2,1.33333333333333,1,2,1,3,3,0,0,0,0,0,1.33333333333333
1813,3,3,2,1.33333333333333,1,2,1,3,3,0,0,0,0,0,1.33333333333333
1814,3,3,2,1.33333333333333,1,2,1,2,2,0,0,0,0,0,1.33333333333333
1815,2,2,1,1,1,1,1,2,2,0,0,0,0,0,1
1816,2,2,1,1,1,1,1,2,2,0,0,0,0,0,1
1817,2,2,1,1,1,1,1,2,2,0,0,0,0,0,1
1818,2,2,1,1,1,1,1,2,2,0,0,0,0,0,1
1819,2,2,1,1,1,1,1,2,2,0,0,0,0,0,1
1820,2,2,1,1,1,1,1,4,4,0,0,0,0,0,1
1821,4,4,3,1.5,1.5,2,1,3,3,0,0,0,0,0,1.5
1822,3,3,2,1.33333333333333,1,2,1,3,3,0,0,0,0,0,1.33333333333333
1823,3,3,2,1.33333333333333,1,2,1,3,3,0,0,0,0,0,1.33333333333333
1824,3,3,2,1.33333333333333,1,2,1,3,3,0,0,0,0,0,1.33333333333333
1825,3,3,2,1.33333333333333,1,2,1,3,3,0,0,0,0,0,1.33333333333333
1826,3,3,2,1.33333333333333,1,2,1,3,3,0,0,0,0,0,1.33333333333333
1827,3,3,2,1.33333333333333,1,2,1,3,3,0,0,0,0,0,1.33333333333333
1828,3,3,2,1.33333333333333,1,2,1,3,3,0,0,0,0,0,1.33333333333333
1829,3,3,2,1.33333333333333,1,2,1,3,3,0,0,0,0,0,1.33333333333333
1830,3,3,2,1.33333333333333,1,2,1,3,3,0,0,0,0,0,1.33333333333333
1831,3,3,2,1.33333333333333,1,2,1,3,3,0,0,0,0,0,1.33333333333333
1832,3,3,2,1.33333333333333,1,2,1,3,3,0,0,0,0,0,1.33333333333333
1833,3,3,2,1.33333333333333,1,2,1,3,3,0,0,0,0,0,1.33333333333333
1834,3,3,2,1.33333333333333,1,2,1,3,3,0,0,0,0,0,1.33333333333333
1835,3,3,2,1.33333333333333,1,2,1,2,2,0,0,0,0,0,1.33333333333333
1836,2,2,1,1,1,1,1,2,2,0,0,0,0,0,1
1837,2,2,1,1,1,1,1,2,2,0,0,0,0,0,1
1838,2,2,1,1,1,1,1,2,2,0,0,0,0,0,1
1839,2,2,1,1,1,1,1,2,2,0,0,0,0,0,1
1840,2,2,1,1,1,1,1,2,2,0,0,0,0,0,1
1841,3,3,2,1.33333333333333,1,2,1,3,3,0,0,0,0,0,1.33333333333333
1842,2,2,1,1,1,1,1,2,2,0,0,0,0,0,1
1843,2,2,1,1,1,1,1,2,2,0,0,0,0,0,1
1844,2,2,1,1,1,1,1,3,3,0,0,0,0,0,1
1845,3,3,2,1.33333333333333,1,2,1,2,2,0,0,0,0,0,1.33333333333333
1846,2,2,1,1,1,1,1,2,2,0,0,0,0,0,1
1847,2,2,1,1,1,1,1,2,2,0,0,0,0,0,1
1848,2,2,1,1,1,1,1,2,2,0,0,0,0,0,1
1849,2,2,1,1,1,1,1,3,3,0,0,0,0,0,1
1850,3,3,2,1.33333333333333,1,2,1,4,4,0,0,0,0,0,1.33333333333333
1851,4,4,3,1.5,1.5,2,1,3,3,0,0,0,0,0,1.5
1852,3,3,2,1.33333333333333,1,2,1,3,3,0,0,0,0,0,1.33333333333333
1853,3,3,2,1.33333333333333,1,2,1,3,3,0,0,0,0,0,1.33333333333333
1854,3,3,2,1.33333333333333,1,2,1,5,5,0,0,0,0,0,1.33333333333333
1855,5,5,4,1.6,2,2,1,5,5,0,0,0,0,0,1.6
1856,5,5,4,1.6,2,2,1,3,3,0,0,0,0,0,1.6
1857,3,3,2,1.33333333333333,1,2,1,3,3,0,0,0,0,0,1.33333333333333
1858,3,3,2,1.33333333333333,1,2,1,3,3,0,0,0,0,0,1.33333333333333
1859,3,3,2,1.33333333333333,1,2,1,2,2,0,0,0,0,0,1.33333333333333
1860,2,2,1,1,1,1,1,2,2,0,0,0,0,0,1
1861,2,2,1,1,1,1,1,3,3,0,0,0,0,0,1
1862,3,3,2,1.33333333333333,1,2,1,2,2,0,0,0,0,0,1.33333333333333
1863,2,2,1,1,1,1,1,2,2,0,0,0,0,0,1
1864,2,2,1,1,1,1,1,2,2,0,0,0,0,0,1
1865,2,2,1,1,1,1,1,2,2,0,0,0,0,0,1
1866,2,2,1,1,1,1,1,2,2,0,0,0,0,0,1
1867,2,2,1,1,1,1,1,3,3,0,0,0,0,0,1
1868,2,2,1,1,1,1,1,2,2,0,0,0,0,0,1
1869,3,3,2,1.33333333333333,1,2,1,2,2,0,0,0,0,0,1.33333333333333
1870,2,2,1,1,1,1,1,2,2,0,0,0,0,0,1
1871,2,2,1,1,1,1,1,2,2,0,0,0,0,0,1
1872,2,2,1,1,1,1,1,2,2,0,0,0,0,0,1
1873,2,2,1,1,1,1,1,2,2,0,0,0,0,0,1
1874,2,2,1,1,1,1,1,2,2,0,0,0,0,0,1
1875,2,2,1,1,1,1,1,2,2,0,0,0,0,0,1
1876,2,2,1,1,1,1,1,2,2,0,0,0,0,0,1
1877,2,2,1,1,1,1,1,2,2,0,0,0,0,0,1
1878,2,2,1,1,1,1,1,2,2,0,0,0,0,0,1
1879,2,2,1,1,1,1,1,2,2,0,0,0,0,0,1
1880,2,2,1,1,1,1,1,2,2,0,0,0,0,0,1
1881,2,2,1,1,1,1,1,2,2,0,0,0,0,0,1
1882,2,2,1,1,1,1,1,2,2,0,0,0,0,0,1
1883,3,3,2,1.33333333333333,1,2,1,3,3,0,0,0,0,0,1.33333333333333
1884,2,2,1,1,1,1,1,2,2,0,0,0,0,0,1
1885,2,2,1,1,1,1,1,2,2,0,0,0,0,0,1
1886,2,2,1,1,1,1,1,2,2,0,0,0,0,0,1
1887,2,2,1,1,1,1,1,2,2,0,0,0,0,0,1
1888,2,2,1,1,1,1,1,4,4,0,0,0,0,0,1
1889,4,4,3,1.5,1.5,2,1,3,3,0,0,0,0,0,1.5
1890,3,3,2,1.33333333333333,1,2,1,3,3,0,0,0,0,0,1.33333333333333
1891,3,3,2,1.33333333333333,1,2,1,4,4,0,0,0,0,0,1.33333333333333
1892,4,4,3,1.5,1.5,2,1,3,3,0,0,0,0,0,1.5
1893,3,3,2,1.33333333333333,1,2,1,3,3,0,0,0,0,0,1.33333333333333
1894,3,3,2,1.33333333333333,1,2,1,2,2,0,0,0,0,0,1.33333333333333
1895,2,2,1,1,1,1,1,2,2,0,0,0,0,0,1
1896,2,2,1,1,1,1,1,2,2,0,0,0,0,0,1
1897,2,2,1,1,1,1,1,2,2,0,0,0,0,0,1
1898,2,2,1,1,1,1,1,4,4,0,0,0,0,0,1
1899,4,4,3,1.5,1.5,2,1,3,3,0,0,0,0,0,1.5
1900,3,3,2,1.33333333333333,1,2,1,3,3,0,0,0,0,0,1.33333333333333
1901,3,3,2,1.33333333333333,1,2,1,2,2,0,0,0,0,0,1.33333333333333
1902,2,2,1,1,1,1,1,2,2,0,0,0,0,0,1
1903,2,2,1,1,1,1,1,2,2,0,0,0,0,0,1
1904,2,2,1,1,1,1,1,2,2,0,0,0,0,0,1
1905,2,2,1,1,1,1,1,2,2,0,0,0,0,0,1
1906,2,2,1,1,1,1,1,2,2,0,0,0,0,0,1
1907,2,2,1,1,1,1,1,2,2,0,0,0,0,0,1
1908,2,2,1,1,1,1,1,2,2,0,0,0,0,0,1
1909,2,2,1,1,1,1,1,2,2,0,0,0,0,0,1
1910,2,2,1,1,1,1,1,2,2,0,0,0,0,0,1
1911,3,3,2,1.33333333333333,1,2,1,3,3,0,0,0,0,0,1.33333333333333
1912,2,2,1,1,1,1,1,2,2,0,0,0,0,0,1
1913,2,2,1,1,1,1,1,2,2,0,0,0,0,0,1
1914,2,2,1,1,1,1,1,3,3,0,0,0,0,0,1
1915,3,3,2,1.33333333333333,1,2,1,2,2,0,0,0,0,0,1.33333333333333
1916,2,2,1,1,1,1,1,2,2,0,0,0,0,0,1
1917,2,2,1,1,1,1,1,2,2,0,0,0,0,0,1
1918,2,2,1,1,1,1,1,2,2,0,0,0,0,0,1
1919,2,2,1,1,1,1,1,3,3,0,0,0,0,0,1
1920,3,3,2,1.33333333333333,1,2,1,2,2,0,0,0,0,0,1.33333333333333
1921,2,2,1,1,1,1,1,2,2,0,0,0,0,0,1
1922,2,2,1,1,1,1,1,2,2,0,0,0,0,0,1
1923,2,2,1,1,1,1,1,2,2,0,0,0,0,0,1
1924,2,2,1,1,1,1,1,2,2,0,0,0,0,0,1
1925,2,2,1,1,1,1,1,2,2,0,0,0,0,0,1
1926,2,2,1,1,1,1,1,2,2,0,0,0,0,0,1
1927,2,2,1,1,1,1,1,2,2,0,0,0,0,0,1
1928,2,2,1,1,1,1,1,2,2,0,0,0,0,0,1
1929,2,2,1,1,1,1,1,2,2,0,0,0,0,0,1
1930,2,2,1,1,1,1,1,2,2,0,0,0,0,0,1
1931,2,2,1,1,1,1,1,4,4,0,0,0,0,0,1
1932,4,4,3,1.5,1.5,2,1,5,5,0,0,0,0,0,1.5
1933,5,5,4,1.6,2,2,1,2,2,0,0,0,0,0,1.6
1934,2,2,1,1,1,1,1,3,3,0,0,0,0,0,1
1935,3,3,2,1.33333333333333,1,2,1,2,2,0,0,0,0,0,1.33333333333333
1936,2,2,1,1,1,1,1,2,2,0,0,0,0,0,1
1937,2,2,1,1,1,1,1,2,2,0,0,0,0,0,1
1938,2,2,1,1,1,1,1,2,2,0,0,0,0,0,1
1939,2,2,1,1,1,1,1,2,2,0,0,0,0,0,1
1940,2,2,1,1,1,1,1,2,2,0,0,0,0,0,1
1941,2,2,1,1,1,1,1,2,2,0,0,0,0,0,1
1942,2,2,1,1,1,1,1,2,2,0,0,0,0,0,1
1943,2,2,1,1,1,1,1,3,3,0,0,0,0,0,1
1944,3,3,2,1.33333333333333,1,2,1,2,2,0,0,0,0,0,1.33333333333333
1945,2,2,1,1,1,1,1,2,2,0,0,0,0,0,1
1946,2,2,1,1,1,1,1,2,2,0,0,0,0,0,1
1947,2,2,1,1,1,1,1,2,2,0,0,0,0,0,1
1948,2,2,1,1,1,1,1,2,2,0,0,0,0,0,1
1949,2,2,1,1,1,1,1,2,2,0,0,0,0,0,1
1950,2,2,1,1,1,1,1,2,2,0,0,0,0,0,1
1951,2,2,1,1,1,1,1,2,2,0,0,0,0,0,1
1952,2,2,1,1,1,1,1,2,2,0,0,0,0,0,1
1953,2,2,1,1,1,1,1,2,2,0,0,0,0,0,1
1954,2,2,1,1,1,1,1,2,2,0,0,0,0,0,1
1955,2,2,1,1,1,1,1,2,2,0,0,0,0,0,1
1956,2,2,1,1,1,1,1,4,4,0,0,0,0,0,1
1957,4,4,3,1.5,1.5,2,1,3,3,0,0,0,0,0,1.5
1958,3,3,2,1.33333333333333,1,2,1,3,3,0,0,0,0,0,1.33333333333333
1959,3,3,2,1.33333333333333,1,2,1,2,2,0,0,0,0,0,1.33333333333333
1960,2,2,1,1,1,1,1,2,2,0,0,0,0,0,1
1961,2,2,1,1,1,1,1,2,2,0,0,0,0,0,1
1962,2,2,1,1,1,1,1,2,2,0,0,0,0,0,1
1963,2,2,1,1,1,1,1,2,2,0,0,0,0,0,1
1964,2,2,1,1,1,1,1,2,2,0,0,0,0,0,1
1965,2,2,1,1,1,1,1,4,4,0,0,0,0,0,1
1966,4,4,3,1.5,1.5,2,1,3,3,0,0,0,0,0,1.5
1967,3,3,2,1.33333333333333,1,2,1,3,3,0,0,0,0,0,1.33333333333333
1968,3,3,2,1.33333333333333,1,2,1,3,3,0,0,0,0,0,1.33333333333333
1969,3,3,2,1.33333333333333,1,2,1,3,3,0,0,0,0,0,1.33333333333333
1970,3,3,2,1.33333333333333,1,2,1,2,2,0,0,0,0,0,1.33333333333333
1971,2,2,1,1,1,1,1,2,2,0,0,0,0,0,1
1972,2,2,1,1,1,1,1,2,2,0,0,0,0,0,1
1973,2,2,1,1,1,1,1,2,2,0,0,0,0,0,1
1974,2,2,1,1,1,1,1,2,2,0,0,0,0,0,1
1975,2,2,1,1,1,1,1,3,3,0,0,0,0,0,1
1976,3,3,2,1.33333333333333,1,2,1,2,2,0,0,0,0,0,1.33333333333333
1977,2,2,1,1,1,1,1,2,2,0,0,0,0,0,1
1978,2,2,1,1,1,1,1,2,2,0,0,0,0,0,1
1979,3,3,2,1.33333333333333,1,2,1,3,3,0,0,0,0,0,1.33333333333333
1980,2,2,1,1,1,1,1,2,2,0,0,0,0,0,1
1981,2,2,1,1,1,1,1,3,3,0,0,0,0,0,1
1982,3,3,2,1.33333333333333,1,2,1,2,2,0,0,0,0,0,1.33333333333333
1983,2,2,1,1,1,1,1,2,2,0,0,0,0,0,1
1984,2,2,1,1,1,1,1,2,2,0,0,0,0,0,1
1985,2,2,1,1,1,1,1,2,2,0,0,0,0,0,1
1986,2,2,1,1,1,1,1,2,2,0,0,0,0,0,1
1987,2,2,1,1,1,1,1,2,2,0,0,0,0,0,1
1988,2,2,1,1,1,1,1,2,2,0,0,0,0,0,1
1989,2,2,1,1,1,1,1,2,2,0,0,0,0,0,1
1990,2,2,1,1,1,1,1,2,2,0,0,0,0,0,1
1991,2,2,1,1,1,1,1,2,2,0,0,0,0,0,1
1992,2,2,1,1,1,1,1,2,2,0,0,0,0,0,1
1993,2,2,1,1,1,1,1,2,2,0,0,0,0,0,1
1994,2,2,1,1,1,1,1,3,3,0,0,0,0,0,1
1995,3,3,2,1.33333333333333,1,2,1,4,4,0,0,0,0,0,1.33333333333333
1996,4,4,3,1.5,1.5,2,1,3,3,0,0,0,0,0,1.5
1997,3,3,2,1.33333333333333,1,2,1,3,3,0,0,0,0,0,1.33333333333333
1998,3,3,2,1.33333333333333,1,2,1,4,4,0,0,0,0,0,1.33333333333333
1999,4,4,3,1.5,1.5,2,1,3,3,0,0,0,0,0,1.5
2000,3,3,2,1.33333333333333,1,2,1,3,3,0,0,0,0,0,1.33333333333333
2001,3,3,2,1.33333333333333,1,2,1,3,3,0,0,0,0,0,1.33333333333333
2002,3,3,2,1.33333333333333,1,2,1,3,3,0,0,0,0,0,1.33333333333333
2003,3,3,2,1.33333333333333,1,2,1,2,2,0,0,0,0,0,1.33333333333333
2004,2,2,1,1,1,1,1,2,2,0,0,0,0,0,1
2005,2,2,1,1,1,1,1,2,2,0,0,0,0,0,1
2006,2,2,1,1,1,1,1,2,2,0,0,0,0,0,1
2007,2,2,1,1,1,1,1,4,4,0,0,0,0,0,1
2008,4,4,3,1.5,1.5,2,1,3,3,0,0,0,0,0,1.5
2009,3,3,2,1.33333333333333,1,2,1,3,3,0,0,0,0,0,1.33333333333333
2010,3,3,2,1.33333333333333,1,2,1,3,3,0,0,0,0,0,1.33333333333333
2011,3,3,2,1.33333333333333,1,2,1,4,4,0,0,0,0,0,1.33333333333333
2012,4,4,3,1.5,1.5,2,1,3,3,0,0,0,0,0,1.5
2013,3,3,2,1.33333333333333,1,2,1,3,3,0,0,0,0,0,1.33333333333333
2014,3,3,2,1.33333333333333,1,2,1,2,2,0,0,0,0,0,1.33333333333333
2015,2,2,1,1,1,1,1,2,2,0,0,0,0,0,1
2016,2,2,1,1,1,1,1,3,3,0,0,0,0,0,1
2017,3,3,2,1.33333333333333,1,2,1,2,2,0,0,0,0,0,1.33333333333333
2018,2,2,1,1,1,1,1,2,2,0,0,0,0,0,1
2019,2,2,1,1,1,1,1,2,2,0,0,0,0,0,1
2020,2,2,1,1,1,1,1,2,2,0,0,0,0,0,1
2021,2,2,1,1,1,1,1,2,2,0,0,0,0,0,1
2022,2,2,1,1,1,1,1,2,2,0,0,0,0,0,1
2023,2,2,1,1,1,1,1,2,2,0,0,0,0,0,1
2024,2,2,1,1,1,1,1,2,2,0,0,0,0,0,1
2025,2,2,1,1,1,1,1,2,2,0,0,0,0,0,1
2026,2,2,1,1,1,1,1,2,2,0,0,0,0,0,1
2027,2,2,1,1,1,1,1,4,4,0,0,0,0,0,1
2028,4,4,3,1.5,1.5,2,1,3,3,0,0,0,0,0,1.5
2029,3,3,2,1.33333333333333,1,2,1,3,3,0,0,0,0,0,1.33333333333333
2030,3,3,2,1.33333333333333,1,2,1,2,2,0,0,0,0,0,1.33333333333333
2031,2,2,1,1,1,1,1,2,2,0,0,0,0,0,1
2032,2,2,1,1,1,1,1,2,2,0,0,0,0,0,1
2033,2,2,1,1,1,1,1,3,3,0,0,0,0,0,1
2034,2,2,1,1,1,1,1,2,2,0,0,0,0,0,1
2035,3,3,2,1.33333333333333,1,2,1,2,2,0,0,0,0,0,1.33333333333333
2036,2,2,1,1,1,1,1,2,2,0,0,0,0,0,1
2037,2,2,1,1,1,1,1,2,2,0,0,0,0,0,1
2038,2,2,1,1,1,1,1,2,2,0,0,0,0,0,1
2039,2,2,1,1,1,1,1,3,3,0,0,0,0,0,1
2040,3,3,2,1.33333333333333,1,2,1,2,2,0,0,0,0,0,1.33333333333333
2041,2,2,1,1,1,1,1,2,2,0,0,0,0,0,1
2042,2,2,1,1,1,1,1,3,3,0,0,0,0,0,1
2043,3,3,2,1.33333333333333,1,2,1,2,2,0,0,0,0,0,1.33333333333333
2044,2,2,1,1,1,1,1,2,2,0,0,0,0,0,1
2045,2,2,1,1,1,1,1,2,2,0,0,0,0,0,1
2046,2,2,1,1,1,1,1,2,2,0,0,0,0,0,1
2047,2,2,1,1,1,1,1,2,2,0,0,0,0,0,1
2048,2,2,1,1,1,1,1,2,2,0,0,0,0,0,1
2049,2,2,1,1,1,1,1,2,2,0,0,0,0,0,1
2050,2,2,1,1,1,1,1,2,2,0,0,0,0,0,1
2051,2,2,1,1,1,1,1,2,2,0,0,0,0,0,1
2052,2,2,1,1,1,1,1,2,2,0,0,0,0,0,1
2053,3,3,2,1.33333333333333,1,2,1,3,3,0,0,0,0,0,1.33333333333333
2054,2,2,1,1,1,1,1,2,2,0,0,0,0,0,1
2055,2,2,1,1,1,1,1,2,2,0,0,0,0,0,1
2056,2,2,1,1,1,1,1,4,4,0,0,0,0,0,1
2057,4,4,3,1.5,1.5,2,1,3,3,0,0,0,0,0,1.5
2058,3,3,2,1.33333333333333,1,2,1,3,3,0,0,0,0,0,1.33333333333333
2059,3,3,2,1.33333333333333,1,2,1,3,3,0,0,0,0,0,1.33333333333333
2060,3,3,2,1.33333333333333,1,2,1,3,3,0,0,0,0,0,1.33333333333333
2061,3,3,2,1.33333333333333,1,2,1,3,3,0,0,0,0,0,1.33333333333333
2062,3,3,2,1.33333333333333,1,2,1,3,3,0,0,0,0,0,1.33333333333333
2063,3,3,2,1.33333333333333,1,2,1,3,3,0,0,0,0,0,1.33333333333333
2064,3,3,2,1.33333333333333,1,2,1,3,3,0,0,0,0,0,1.33333333333333
2065,3,3,2,1.33333333333333,1,2,1,3,3,0,0,0,0,0,1.33333333333333
2066,3,3,2,1.33333333333333,1,2,1,3,3,0,0,0,0,0,1.33333333333333
2067,3,3,2,1.33333333333333,1,2,1,,,,,,,,
